26223857,Windows,183,2018-09-05 09:18:08
25175295,Windows,183,2018-09-05 09:22:49
25917378,Windows,182,2018-09-05 09:23:03
25554845,Windows,184,2018-09-05 10:09:24
25566141,Linux,187,2018-09-05 13:41:49
26423740,Windows,188,2018-09-05 16:11:16
26423740,Windows,192,2018-09-06 15:48:05
26423740,Windows,192,2018-09-06 15:57:49
25591503,Windows,181,2018-09-06 15:58:45
26448303,Windows,182,2018-09-06 15:59:42
25251783,Windows,186,2018-09-07 14:12:44
25786222,Linux,187,2018-09-07 15:31:30
26544150,Windows,198,2018-09-08 11:39:36
25752214,Windows,197,2018-09-08 13:29:05
26423740,Windows,193,2018-09-09 10:49:12
26423740,Linux,193,2018-09-09 11:16:44
26423740,Linux,193,2018-09-09 11:20:35
26423740,Linux,193,2018-09-09 11:21:04
26423740,Windows,193,2018-09-09 11:29:39
24836477,Windows,190,2018-09-09 12:14:55
24836477,Linux,190,2018-09-09 12:16:31
26338183,Windows,183,2018-09-09 12:49:35
25139025,Windows,185,2018-09-09 12:58:36
25522390,Windows,191,2018-09-09 13:33:26
25977618,Windows,183,2018-09-09 15:14:48
25152154,Windows,188,2018-09-09 15:16:24
25235068,Windows,182,2018-09-09 15:21:29
26558381,Windows,183,2018-09-09 16:30:19
25152154,Windows,188,2018-09-09 17:53:12
25152154,Windows,188,2018-09-10 09:26:14
24747151,Linux,181,2018-09-10 10:25:36
26169994,Linux,181,2018-09-10 10:28:45
24959626,Linux,182,2018-09-10 10:30:18
24388826,Linux,183,2018-09-10 10:31:58
26169994,Linux,181,2018-09-10 10:34:13
26169994,Linux,181,2018-09-10 10:37:02
24959626,Linux,182,2018-09-10 10:38:55
24959626,Linux,182,2018-09-10 10:41:10
25251783,Windows,192,2018-09-10 11:10:46
24961917,Linux,183,2018-09-10 12:06:58
26118592,Windows,196,2018-09-10 12:22:32
26259807,Linux,194,2018-09-10 12:28:24
24522917,Linux,191,2018-09-10 12:29:38
26423740,Linux,181,2018-09-10 12:30:25
25461351,Linux,192,2018-09-10 12:31:16
24896465,Linux,195,2018-09-10 12:31:48
25129559,Windows,189,2018-09-10 12:35:09
24789467,Linux,193,2018-09-10 12:35:44
25129559,Linux,189,2018-09-10 12:38:05
26327327,Linux,198,2018-09-10 12:39:38
25407898,Linux,189,2018-09-10 13:01:43
26423740,Linux,181,2018-09-10 13:13:22
24937143,Linux,181,2018-09-10 13:25:13
25702566,Linux,193,2018-09-10 13:39:48
25579732,Linux,184,2018-09-10 13:40:02
24634788,Linux,195,2018-09-10 13:40:09
24747151,Linux,197,2018-09-10 13:40:24
26502659,Linux,186,2018-09-10 13:43:52
24437180,Linux,193,2018-09-10 14:01:31
24703497,Linux,186,2018-09-10 14:03:18
25620856,Linux,192,2018-09-10 14:05:21
25772404,Windows,185,2018-09-10 14:09:14
24703497,Windows,186,2018-09-10 14:10:48
25772404,Windows,185,2018-09-10 14:13:45
25562172,Linux,199,2018-09-10 14:44:30
25299376,Windows,186,2018-09-10 14:47:31
25299376,Linux,186,2018-09-10 14:51:43
25562172,Linux,191,2018-09-10 15:03:27
25579732,Windows,184,2018-09-10 15:03:46
25562172,Linux,191,2018-09-10 15:05:18
25299376,Windows,186,2018-09-10 15:06:39
24448437,Linux,182,2018-09-10 15:36:52
25152154,Windows,188,2018-09-11 09:45:30
26558381,Windows,188,2018-09-11 10:37:11
26464140,Linux,183,2018-09-11 12:02:09
24751754,Linux,182,2018-09-11 12:02:42
26558381,Windows,188,2018-09-11 12:07:00
26558381,Windows,184,2018-09-11 12:08:07
24666856,Linux,181,2018-09-11 12:09:40
25336806,Windows,186,2018-09-11 12:35:40
25715842,Windows,185,2018-09-11 12:35:55
25715842,Linux,185,2018-09-11 12:41:14
25336806,Windows,186,2018-09-11 12:41:22
25336806,Linux,186,2018-09-11 12:42:48
25251783,Windows,192,2018-09-11 12:48:14
26223857,Windows,060,2018-09-11 13:35:45
25152154,Windows,188,2018-09-11 14:05:17
24834099,Windows,196,2018-09-11 14:33:03
24834099,Linux,196,2018-09-11 14:35:12
26254203,Windows,189,2018-09-11 14:56:46
25152154,Windows,190,2018-09-11 16:18:26
26354505,Linux,191,2018-09-11 16:21:51
26354505,Windows,059,2018-09-11 16:49:28
24448437,Linux,183,2018-09-11 17:35:57
26354505,Windows,059,2018-09-11 18:04:17
26354505,Windows,059,2018-09-11 19:15:36
26091088,Linux,184,2018-09-12 09:27:43
24605867,Linux,183,2018-09-12 09:27:43
26164155,Windows,186,2018-09-12 09:31:47
26164155,Linux,186,2018-09-12 09:33:24
25423662,Linux,185,2018-09-12 09:35:34
24568416,Windows,190,2018-09-12 09:36:16
24657128,Windows,189,2018-09-12 09:38:02
24568416,Linux,190,2018-09-12 09:54:25
24677886,Windows,182,2018-09-12 10:00:14
25785611,Windows,193,2018-09-12 10:11:24
26276038,Linux,184,2018-09-12 11:28:49
25812245,Windows,197,2018-09-12 12:32:04
25812245,Linux,197,2018-09-12 12:34:44
26218091,Linux,198,2018-09-12 12:35:25
26164155,Linux,193,2018-09-12 14:16:03
26254203,Windows,189,2018-09-12 14:33:54
25491984,Linux,190,2018-09-12 14:34:17
25973938,Windows,060,2018-09-12 14:37:29
25973938,Windows,060,2018-09-12 14:39:47
25152154,Windows,188,2018-09-12 14:49:05
25491984,Windows,190,2018-09-12 14:53:22
26124839,Windows,062,2018-09-12 15:03:24
25534060,Windows,187,2018-09-12 15:27:29
25534060,Windows,187,2018-09-12 15:42:32
25012729,Windows,200,2018-09-12 15:56:12
26544150,Windows,192,2018-09-12 16:31:43
25752214,Linux,193,2018-09-12 16:32:21
26091088,Linux,196,2018-09-12 16:42:54
26255363,Linux,197,2018-09-12 16:48:45
24605867,Linux,194,2018-09-12 16:50:25
25152154,Windows,188,2018-09-12 18:20:25
26255363,Linux,196,2018-09-12 18:24:07
25340297,Windows,200,2018-09-12 19:05:54
25612544,Windows,187,2018-09-12 19:28:38
25152154,Windows,188,2018-09-12 19:56:53
25418732,Windows,059,2018-09-13 10:43:06
26055512,Linux,184,2018-09-13 11:21:54
26164155,Linux,193,2018-09-13 11:25:55
26538890,Linux,059,2018-09-13 12:15:05
26538890,Linux,059,2018-09-13 12:22:40
26538890,Linux,059,2018-09-13 12:23:11
26538890,Linux,059,2018-09-13 12:23:48
25463942,Linux,183,2018-09-13 12:52:51
25152154,Windows,190,2018-09-13 13:19:54
25152154,Windows,188,2018-09-13 13:20:56
25152154,Windows,188,2018-09-13 13:23:41
26316583,Linux,059,2018-09-13 13:34:02
24641922,Linux,192,2018-09-13 13:36:14
25091862,Linux,193,2018-09-13 13:37:38
25453104,Linux,060,2018-09-13 14:23:11
25068929,Linux,197,2018-09-13 15:22:23
25748414,Linux,186,2018-09-13 15:35:07
25668314,Windows,198,2018-09-13 15:37:00
25407909,Linux,186,2018-09-13 18:14:30
25152154,Windows,062,2018-09-14 11:50:35
26254203,Windows,189,2018-09-15 12:38:29
25534060,Windows,187,2018-09-15 14:39:57
26544150,Windows,192,2018-09-15 15:38:51
26544150,Windows,193,2018-09-15 15:45:52
26544150,Windows,193,2018-09-15 18:01:23
26544150,Windows,192,2018-09-15 18:24:47
26254203,Windows,189,2018-09-16 09:26:49
25977618,Windows,182,2018-09-16 10:54:26
26497829,Linux,059,2018-09-16 11:19:12
26544150,Windows,192,2018-09-16 11:36:49
25235068,Windows,182,2018-09-16 11:45:29
25786222,Windows,187,2018-09-16 13:47:07
25251783,Windows,184,2018-09-16 13:52:58
26254203,Windows,189,2018-09-16 15:02:55
25152154,Windows,062,2018-09-16 15:58:51
26320716,Windows,060,2018-09-16 16:29:41
25786222,Linux,187,2018-09-16 16:51:43
26320716,Windows,060,2018-09-16 20:27:34
26320716,Linux,060,2018-09-16 20:46:57
25152154,Windows,062,2018-09-17 09:29:45
25041543,Windows,186,2018-09-17 10:29:59
25785611,Linux,183,2018-09-17 11:05:08
25012729,Windows,200,2018-09-17 11:10:40
25281433,Windows,181,2018-09-17 11:23:54
25251783,Windows,188,2018-09-17 12:07:52
24459631,Linux,198,2018-09-17 12:26:30
24459631,Linux,198,2018-09-17 12:28:34
26342209,Linux,197,2018-09-17 12:33:32
25299376,Windows,184,2018-09-17 12:38:47
25811789,Windows,182,2018-09-17 12:45:32
25786222,Linux,185,2018-09-17 12:55:17
25012729,Windows,200,2018-09-17 13:02:27
25281433,Windows,181,2018-09-17 13:28:50
25041543,Windows,187,2018-09-17 13:36:02
26340139,Windows,060,2018-09-17 13:43:29
25041543,Linux,186,2018-09-17 13:47:44
24717623,Windows,190,2018-09-17 14:01:30
24717623,Linux,189,2018-09-17 14:03:46
26320716,Windows,059,2018-09-17 14:04:19
26320716,Linux,059,2018-09-17 14:06:50
25668314,Windows,197,2018-09-17 14:15:10
25041543,Windows,187,2018-09-17 14:17:36
25041543,Windows,186,2018-09-17 14:19:23
25041543,Linux,187,2018-09-17 14:21:11
25041543,Windows,186,2018-09-17 14:27:19
24388826,Windows,182,2018-09-17 14:31:13
25598856,Windows,184,2018-09-17 14:33:27
24531635,Windows,193,2018-09-17 14:54:58
25439050,Windows,191,2018-09-17 15:00:35
25439050,Linux,191,2018-09-17 15:04:21
26167425,Windows,192,2018-09-17 15:06:55
26320716,Linux,059,2018-09-17 16:18:32
26320716,Windows,060,2018-09-17 16:27:05
26340139,Windows,197,2018-09-17 16:39:32
24624864,Windows,061,2018-09-17 16:43:09
26340139,Windows,200,2018-09-17 19:55:22
25534060,Linux,187,2018-09-18 09:03:15
25534060,Windows,187,2018-09-18 09:05:42
25204198,Windows,192,2018-09-18 09:43:50
26254203,Windows,189,2018-09-18 09:44:28
25200333,Windows,060,2018-09-18 09:51:46
24383808,Windows,184,2018-09-18 09:52:30
25200333,Windows,059,2018-09-18 10:17:43
24605867,Linux,181,2018-09-18 10:44:18
26091088,Linux,182,2018-09-18 10:45:27
24590113,Windows,199,2018-09-18 10:46:51
26457848,Windows,195,2018-09-18 10:52:09
25628370,Windows,200,2018-09-18 11:01:42
26136996,Linux,062,2018-09-18 11:06:43
25204198,Windows,192,2018-09-18 11:33:01
24677886,Linux,183,2018-09-18 12:22:18
24605867,Linux,181,2018-09-18 12:22:49
25613836,Linux,062,2018-09-18 12:33:13
25281433,Linux,185,2018-09-18 12:59:51
25281433,Windows,184,2018-09-18 13:03:12
24898870,Windows,197,2018-09-18 13:26:08
24393862,Windows,196,2018-09-18 13:37:47
26532034,Linux,191,2018-09-18 13:57:31
25064116,Windows,192,2018-09-18 14:04:21
26096418,Windows,192,2018-09-18 14:25:33
25152154,Windows,188,2018-09-18 14:38:52
25152154,Windows,190,2018-09-18 14:40:40
25562553,Linux,062,2018-09-18 14:43:45
25152154,Windows,188,2018-09-18 14:47:12
26254203,Windows,189,2018-09-18 15:02:08
26295719,Windows,061,2018-09-18 15:32:28
25562553,Linux,062,2018-09-18 15:34:08
25562553,Windows,061,2018-09-18 15:35:20
25439050,Windows,059,2018-09-18 15:58:10
26532034,Linux,181,2018-09-18 16:04:47
26238043,Windows,181,2018-09-18 17:09:27
24393862,Windows,198,2018-09-18 17:15:59
25668314,Linux,195,2018-09-18 18:11:47
25668314,Linux,195,2018-09-18 18:21:17
25668314,Windows,195,2018-09-18 18:23:46
24501642,Windows,197,2018-09-18 19:20:27
25562553,Windows,192,2018-09-18 19:31:43
25562553,Windows,196,2018-09-18 19:40:31
25041543,Windows,192,2018-09-18 19:41:28
24393862,Linux,182,2018-09-18 19:50:04
24393862,Windows,182,2018-09-18 19:51:49
25562553,Windows,196,2018-09-18 19:54:10
25562553,Windows,186,2018-09-18 21:44:21
24501642,Windows,182,2018-09-18 21:45:01
26338183,Windows,191,2018-09-19 09:33:12
25812245,Linux,197,2018-09-19 09:34:52
26218091,Windows,198,2018-09-19 09:35:40
25041543,Windows,184,2018-09-19 09:40:20
26136996,Linux,062,2018-09-19 09:47:07
26136996,Linux,062,2018-09-19 09:47:41
25785611,Linux,182,2018-09-19 10:13:47
26120997,Windows,192,2018-09-19 10:18:02
24806393,Windows,061,2018-09-19 10:27:05
26136996,Windows,062,2018-09-19 10:30:17
26371613,Windows,059,2018-09-19 10:55:54
26371613,Windows,194,2018-09-19 12:03:25
26254203,Windows,189,2018-09-19 12:32:21
26238043,Windows,181,2018-09-19 12:35:57
25281433,Windows,184,2018-09-19 12:48:40
24831022,Windows,182,2018-09-19 13:55:28
25242600,Windows,196,2018-09-19 13:57:53
25041543,Windows,191,2018-09-19 14:24:39
25428123,Windows,192,2018-09-19 14:41:09
25041543,Windows,193,2018-09-19 15:19:29
25041543,Windows,186,2018-09-19 15:24:41
25281433,Windows,182,2018-09-19 15:24:45
24383808,Windows,195,2018-09-19 15:25:09
25439050,Linux,061,2018-09-19 15:25:52
26167425,Windows,062,2018-09-19 15:40:48
25152154,Windows,190,2018-09-19 15:48:37
25152154,Windows,189,2018-09-19 15:54:20
25242600,Windows,196,2018-09-19 16:12:29
24831022,Windows,181,2018-09-19 16:15:38
25242600,Windows,193,2018-09-19 16:26:28
26544150,Windows,197,2018-09-19 16:47:27
24501642,Windows,192,2018-09-19 17:04:48
25242600,Windows,183,2018-09-19 17:45:14
25242600,Windows,183,2018-09-19 17:56:36
25152154,Windows,189,2018-09-19 18:21:24
25439050,Linux,060,2018-09-19 18:30:36
26457848,Windows,194,2018-09-19 18:33:57
25152154,Windows,189,2018-09-19 19:37:05
25598856,Windows,183,2018-09-19 19:38:11
26238043,Windows,181,2018-09-19 19:43:40
24565022,Windows,192,2018-09-19 19:49:21
25296783,Windows,191,2018-09-19 19:53:46
26544150,Windows,197,2018-09-19 20:22:51
25296783,Windows,185,2018-09-19 20:29:20
25372905,Linux,186,2018-09-19 20:57:52
25094647,Linux,185,2018-09-19 20:57:56
25094647,Windows,185,2018-09-19 20:59:58
25094647,Windows,184,2018-09-19 21:02:57
25715451,Windows,182,2018-09-19 22:00:38
24501642,Windows,189,2018-09-19 22:33:07
25242600,Windows,189,2018-09-19 22:39:02
24501642,Windows,183,2018-09-19 22:51:19
25242600,Windows,189,2018-09-19 22:52:35
25715451,Windows,182,2018-09-19 23:20:48
24501642,Windows,182,2018-09-19 23:22:08
24501642,Windows,183,2018-09-19 23:24:24
24501642,Windows,183,2018-09-20 00:06:34
25296783,Windows,191,2018-09-20 00:15:59
25296783,Windows,193,2018-09-20 00:17:59
24565022,Windows,183,2018-09-20 03:03:09
26295719,Linux,200,2018-09-20 09:22:15
24831022,Windows,182,2018-09-20 09:30:57
25785611,Windows,185,2018-09-20 09:33:25
25114588,Linux,198,2018-09-20 09:34:12
26254203,Windows,189,2018-09-20 09:45:07
24388826,Windows,185,2018-09-20 10:26:15
25296783,Windows,197,2018-09-20 10:59:13
25138845,Windows,059,2018-09-20 11:20:17
25620856,Windows,189,2018-09-20 11:26:21
25692591,Linux,187,2018-09-20 11:27:02
25692591,Windows,186,2018-09-20 11:28:13
24468455,Windows,198,2018-09-20 11:30:22
26136996,Windows,062,2018-09-20 11:36:47
24806393,Linux,061,2018-09-20 11:46:27
25251783,Windows,184,2018-09-20 12:20:21
25372905,Linux,187,2018-09-20 13:05:36
25094647,Windows,186,2018-09-20 13:10:26
25094647,Windows,186,2018-09-20 13:22:12
26464140,Windows,191,2018-09-20 13:23:21
25692591,Windows,200,2018-09-20 13:27:32
25296783,Windows,181,2018-09-20 13:28:01
24468455,Windows,182,2018-09-20 13:33:59
26320716,Linux,061,2018-09-20 13:44:36
26250992,Windows,181,2018-09-20 14:38:17
26544150,Windows,197,2018-09-20 14:40:34
25562553,Windows,187,2018-09-20 14:41:59
25562553,Windows,186,2018-09-20 14:42:06
25378381,Linux,200,2018-09-20 14:52:05
25378381,Windows,200,2018-09-20 14:55:44
24831022,Windows,182,2018-09-20 15:08:52
25439050,Linux,192,2018-09-20 15:13:22
25439050,Windows,192,2018-09-20 15:21:34
25556010,Windows,198,2018-09-20 15:28:10
25556010,Windows,186,2018-09-20 15:41:34
25378381,Windows,182,2018-09-20 15:45:56
25692591,Windows,194,2018-09-20 16:02:56
24852488,Windows,059,2018-09-20 16:07:36
25152154,Windows,189,2018-09-20 17:34:09
25152154,Windows,190,2018-09-20 17:36:10
25242600,Windows,195,2018-09-20 17:45:00
26544150,Windows,197,2018-09-20 20:22:07
26544150,Windows,198,2018-09-20 21:03:34
26544150,Windows,197,2018-09-21 12:05:45
25439050,Windows,060,2018-09-21 15:49:07
26544150,Windows,197,2018-09-21 17:22:29
24919938,Windows,195,2018-09-21 17:51:09
25752214,Linux,196,2018-09-21 17:59:23
25752214,Windows,195,2018-09-21 18:08:02
24919938,Windows,194,2018-09-21 18:18:21
26457848,Windows,195,2018-09-22 09:32:09
24383808,Windows,198,2018-09-22 11:08:16
26457848,Windows,195,2018-09-22 13:43:52
26544150,Windows,197,2018-09-22 14:17:04
25251783,Windows,061,2018-09-22 14:40:06
26295719,Linux,199,2018-09-22 16:16:06
26295719,Windows,199,2018-09-22 16:34:00
25439050,Windows,060,2018-09-22 16:46:30
24821794,Windows,188,2018-09-22 17:22:55
25439050,Linux,060,2018-09-22 17:35:43
25439050,Linux,060,2018-09-22 17:58:50
25439050,Windows,060,2018-09-22 18:00:43
24821794,Linux,188,2018-09-22 18:17:23
24821794,Windows,059,2018-09-23 07:50:46
24821794,Linux,059,2018-09-23 07:52:57
26136996,Linux,200,2018-09-23 08:32:11
24919938,Windows,188,2018-09-23 09:29:49
24821794,Linux,059,2018-09-23 09:40:06
25041543,Windows,187,2018-09-23 09:49:54
25041543,Linux,187,2018-09-23 09:50:53
25152154,Windows,190,2018-09-23 10:17:44
25041543,Linux,187,2018-09-23 10:42:12
26136996,Linux,061,2018-09-23 11:33:59
24821794,Linux,200,2018-09-23 11:46:56
26457848,Windows,195,2018-09-23 12:02:53
26544150,Windows,197,2018-09-23 12:39:10
24821794,Linux,200,2018-09-23 12:55:09
26254203,Windows,189,2018-09-23 13:52:32
24383808,Windows,192,2018-09-23 13:53:41
24821794,Linux,200,2018-09-23 13:59:12
26136996,Linux,059,2018-09-23 14:48:27
25152154,Windows,188,2018-09-23 15:14:26
24821794,Linux,200,2018-09-23 16:38:43
25439050,Windows,062,2018-09-23 16:42:39
26136996,Windows,059,2018-09-23 16:43:39
25439050,Windows,182,2018-09-23 16:57:30
25152154,Windows,189,2018-09-23 20:08:38
24821794,Linux,059,2018-09-24 05:25:07
24821794,Linux,059,2018-09-24 06:54:51
26469678,Linux,059,2018-09-24 08:38:44
26136996,Linux,061,2018-09-24 08:41:11
25620856,Linux,188,2018-09-24 10:26:25
26423740,Windows,195,2018-09-24 10:28:29
25041543,Windows,184,2018-09-24 10:33:23
25785611,Windows,181,2018-09-24 11:06:41
25041543,Linux,185,2018-09-24 11:47:53
24919938,Windows,188,2018-09-24 12:24:02
24821794,Linux,059,2018-09-24 13:19:07
26423740,Linux,189,2018-09-24 13:29:07
24821794,Linux,059,2018-09-24 13:38:16
24969144,Windows,060,2018-09-24 13:46:59
26320716,Linux,061,2018-09-24 14:24:04
26558381,Linux,062,2018-09-24 14:24:13
26254203,Windows,189,2018-09-24 15:09:03
26544150,Windows,197,2018-09-24 16:50:56
24624864,Windows,198,2018-09-24 16:54:30
24598159,Windows,199,2018-09-24 17:49:57
24919938,Windows,188,2018-09-24 18:17:05
24919938,Windows,185,2018-09-24 18:18:12
26145124,Windows,189,2018-09-24 20:05:48
24821794,Linux,059,2018-09-25 09:24:50
26464140,Windows,193,2018-09-25 10:21:01
26457848,Windows,194,2018-09-25 10:37:15
26136996,Windows,061,2018-09-25 10:56:22
26124839,Windows,197,2018-09-25 11:08:47
24821794,Linux,059,2018-09-25 12:33:35
25251783,Windows,189,2018-09-25 13:31:29
25251783,Windows,190,2018-09-25 13:35:00
26254203,Windows,189,2018-09-25 14:35:08
24624864,Windows,186,2018-09-25 16:24:52
25251783,Windows,188,2018-09-25 16:26:08
25439050,Windows,061,2018-09-25 16:34:27
26544150,Windows,197,2018-09-25 16:41:16
25439050,Windows,061,2018-09-25 19:34:31
26124839,Windows,195,2018-09-25 19:42:01
26136996,Linux,060,2018-09-25 20:13:28
25041543,Windows,185,2018-09-26 09:21:05
25041543,Windows,185,2018-09-26 10:32:12
25041543,Linux,184,2018-09-26 10:36:52
24821794,Linux,059,2018-09-26 10:37:28
26457848,Windows,195,2018-09-26 10:40:32
25534060,Linux,060,2018-09-26 12:26:13
25534060,Windows,060,2018-09-26 12:27:54
25752214,Windows,189,2018-09-26 12:33:36
24806393,Linux,062,2018-09-26 12:34:12
25439050,Linux,061,2018-09-26 13:02:54
25439050,Windows,061,2018-09-26 13:13:03
26268848,Linux,187,2018-09-26 14:23:47
25299376,Windows,198,2018-09-26 15:23:59
24821794,Linux,059,2018-09-26 15:46:01
25439050,Windows,062,2018-09-26 15:47:41
26544150,Windows,195,2018-09-26 15:58:13
26544150,Windows,185,2018-09-26 16:18:10
26295719,Windows,188,2018-09-26 17:00:41
25598856,Windows,192,2018-09-26 19:42:17
25439050,Linux,060,2018-09-26 20:24:00
25439050,Windows,060,2018-09-26 20:26:41
26544150,Windows,191,2018-09-27 00:20:16
25785611,Windows,187,2018-09-27 09:32:51
26254203,Windows,189,2018-09-27 09:38:26
25601664,Linux,061,2018-09-27 12:23:33
25333421,Windows,191,2018-09-27 13:15:32
25601664,Windows,061,2018-09-27 13:22:44
24459631,Linux,060,2018-09-27 13:29:25
26544150,Windows,184,2018-09-27 13:36:15
26342209,Linux,197,2018-09-27 13:37:41
24459631,Linux,198,2018-09-27 13:37:57
25752214,Windows,183,2018-09-27 13:39:35
25251783,Windows,186,2018-09-27 13:59:16
25453104,Windows,188,2018-09-27 14:00:53
24871766,Linux,062,2018-09-27 14:07:33
25977618,Linux,197,2018-09-27 15:36:24
25235068,Linux,198,2018-09-27 15:37:11
25251783,Windows,188,2018-09-27 15:50:57
26497829,Linux,185,2018-09-27 16:03:23
25977618,Linux,197,2018-09-27 16:26:21
24554002,Windows,191,2018-09-27 17:47:45
24554002,Windows,192,2018-09-27 17:47:55
26457848,Windows,195,2018-09-27 19:28:06
25341393,Linux,062,2018-09-28 13:33:11
24919938,Windows,195,2018-09-28 14:29:17
25752214,Windows,194,2018-09-28 14:29:49
26127047,Linux,062,2018-09-28 14:34:31
26544150,Windows,184,2018-09-28 16:24:53
26259807,Linux,191,2018-09-28 17:28:16
26544150,Windows,185,2018-09-29 13:24:58
24624864,Windows,186,2018-09-29 14:09:48
25193644,Windows,192,2018-09-29 14:42:49
24921407,Linux,060,2018-09-29 14:44:49
26127047,Linux,061,2018-09-29 15:00:44
25181685,Linux,060,2018-09-29 15:20:57
24919938,Windows,195,2018-09-29 15:28:59
26491381,Linux,062,2018-09-29 15:43:15
24460942,Windows,190,2018-09-29 16:12:17
25114822,Linux,189,2018-09-29 16:12:23
24460942,Windows,188,2018-09-29 16:26:00
24393862,Windows,199,2018-09-29 16:42:58
24393862,Windows,200,2018-09-29 16:45:51
26502659,Windows,183,2018-09-29 17:25:14
26502659,Windows,181,2018-09-29 17:27:35
26502659,Linux,181,2018-09-29 17:30:46
25439050,Linux,061,2018-09-29 18:15:00
26167425,Linux,062,2018-09-29 18:17:29
26127047,Linux,061,2018-09-29 18:43:35
26457848,Windows,195,2018-09-29 19:07:08
26457848,Windows,194,2018-09-29 19:08:15
25341393,Linux,062,2018-09-30 09:57:05
24522917,Linux,191,2018-09-30 09:58:48
25041543,Windows,184,2018-09-30 10:50:04
25977618,Linux,061,2018-09-30 11:41:15
25041543,Windows,184,2018-09-30 12:06:38
25041543,Windows,184,2018-09-30 12:19:34
25977618,Linux,061,2018-09-30 12:41:28
25041543,Windows,184,2018-09-30 13:22:09
25234689,Linux,060,2018-09-30 13:50:02
24808095,Windows,194,2018-09-30 13:53:42
24840057,Linux,062,2018-09-30 14:30:53
26268848,Linux,198,2018-09-30 14:31:53
25299376,Windows,186,2018-09-30 14:51:36
25299376,Linux,186,2018-09-30 14:52:47
25404603,Linux,062,2018-09-30 15:27:13
26544150,Windows,198,2018-09-30 15:27:22
24793980,Linux,061,2018-09-30 15:36:56
25152154,Windows,190,2018-09-30 15:44:32
25114822,Linux,189,2018-09-30 15:47:42
24460942,Linux,189,2018-09-30 15:51:21
25712811,Linux,061,2018-09-30 16:09:54
26055512,Linux,060,2018-09-30 16:42:24
24960446,Linux,061,2018-09-30 17:16:47
25977618,Linux,189,2018-09-30 17:36:17
25235068,Windows,190,2018-09-30 17:36:55
26238043,Windows,184,2018-09-30 17:39:49
25407898,Windows,183,2018-09-30 17:39:49
24468455,Windows,185,2018-09-30 17:40:10
25152154,Windows,187,2018-09-30 17:41:55
25235068,Linux,189,2018-09-30 17:51:22
25407898,Linux,181,2018-09-30 17:58:37
25152154,Windows,188,2018-09-30 18:00:36
25152154,Windows,190,2018-09-30 18:00:42
25811789,Linux,062,2018-09-30 18:09:20
25586014,Linux,060,2018-09-30 18:16:59
26497829,Linux,183,2018-09-30 18:56:02
25299376,Linux,186,2018-09-30 19:14:53
24808095,Windows,194,2018-09-30 19:40:49
25299376,Windows,186,2018-09-30 20:38:23
25299376,Linux,186,2018-09-30 20:43:13
25299376,Linux,186,2018-09-30 22:47:00
26544150,Windows,198,2018-10-01 01:02:22
25900533,Linux,060,2018-10-01 07:26:52
26136996,Linux,062,2018-10-01 10:23:27
25785611,Linux,183,2018-10-01 11:00:11
25251783,Windows,188,2018-10-01 12:50:51
24975403,Windows,185,2018-10-01 13:11:32
24641922,Windows,195,2018-10-01 13:25:31
25299376,Linux,198,2018-10-01 13:43:16
26544150,Windows,183,2018-10-01 13:46:34
24624864,Windows,184,2018-10-01 13:47:32
26254203,Windows,189,2018-10-01 13:51:49
24383808,Windows,191,2018-10-01 13:56:22
25281433,Windows,182,2018-10-01 14:11:20
26320716,Linux,062,2018-10-01 15:53:36
25175666,Windows,190,2018-10-01 15:58:01
25251783,Windows,188,2018-10-01 16:27:15
24969144,Windows,199,2018-10-01 16:28:01
24975403,Windows,186,2018-10-01 16:28:32
24773998,Windows,185,2018-10-01 16:47:27
24468455,Windows,183,2018-10-01 16:53:10
24969144,Windows,199,2018-10-01 17:31:48
26320716,Linux,061,2018-10-01 17:34:28
25152154,Linux,195,2018-10-01 17:42:00
24624864,Windows,184,2018-10-01 18:46:32
25786410,Windows,183,2018-10-01 18:46:49
25453104,Windows,185,2018-10-01 18:57:03
24629259,Windows,198,2018-10-01 19:37:56
26544150,Windows,182,2018-10-01 19:40:01
26544150,Windows,197,2018-10-01 20:30:06
25339870,Windows,188,2018-10-01 21:26:34
25175666,Windows,188,2018-10-02 09:29:43
25204198,Windows,191,2018-10-02 09:34:15
24516164,Windows,198,2018-10-02 09:46:28
26464140,Windows,194,2018-10-02 10:35:45
25339870,Windows,187,2018-10-02 11:05:52
25299376,Linux,198,2018-10-02 11:22:22
24808095,Windows,183,2018-10-02 11:31:27
25453104,Windows,188,2018-10-02 12:09:36
25534060,Windows,184,2018-10-02 12:23:06
25299376,Linux,198,2018-10-02 12:23:55
24898870,Windows,195,2018-10-02 12:39:41
25251783,Windows,185,2018-10-02 13:22:22
26457848,Windows,060,2018-10-02 13:33:47
25152154,Windows,062,2018-10-02 13:58:04
25752214,Windows,189,2018-10-02 14:07:52
24624864,Windows,186,2018-10-02 14:31:23
24773998,Windows,187,2018-10-02 14:36:50
25041543,Windows,191,2018-10-02 14:38:38
24393862,Windows,199,2018-10-02 14:42:38
24393862,Windows,200,2018-10-02 14:43:15
26257377,Windows,184,2018-10-02 15:08:55
25281433,Windows,182,2018-10-02 15:25:09
24919938,Windows,194,2018-10-02 15:36:54
26544150,Windows,190,2018-10-02 15:36:56
25041543,Linux,192,2018-10-02 16:43:43
24975403,Windows,186,2018-10-02 17:24:49
25601664,Windows,060,2018-10-02 17:37:16
24919938,Windows,194,2018-10-02 18:16:12
25251783,Windows,187,2018-10-02 18:54:19
26457848,Windows,060,2018-10-02 19:04:34
24501642,Windows,191,2018-10-02 19:39:31
26457848,Windows,060,2018-10-02 21:25:16
26320716,Linux,182,2018-10-02 21:39:33
25752214,Windows,189,2018-10-03 03:51:55
26218091,Linux,198,2018-10-03 09:33:00
25812245,Linux,197,2018-10-03 09:34:16
25785611,Windows,182,2018-10-03 09:55:29
25598856,Windows,187,2018-10-03 10:15:22
24831022,Windows,183,2018-10-03 10:21:00
24383808,Windows,192,2018-10-03 10:40:35
26502659,Linux,181,2018-10-03 10:52:14
25541562,Windows,188,2018-10-03 10:54:36
25152154,Windows,187,2018-10-03 11:26:03
25152154,Windows,190,2018-10-03 11:31:18
25200333,Windows,060,2018-10-03 11:48:27
26197091,Windows,059,2018-10-03 11:49:48
25041543,Windows,062,2018-10-03 12:43:51
25152154,Windows,062,2018-10-03 12:58:15
25119128,Linux,181,2018-10-03 13:00:00
25041543,Windows,062,2018-10-03 13:00:17
25119128,Windows,181,2018-10-03 13:01:26
26106941,Windows,059,2018-10-03 13:03:43
24829910,Windows,061,2018-10-03 13:04:21
25281433,Windows,198,2018-10-03 13:12:22
25094647,Windows,186,2018-10-03 14:07:02
25152154,Windows,192,2018-10-03 14:29:42
25242600,Windows,183,2018-10-03 14:41:43
25372905,Windows,185,2018-10-03 14:41:43
24975403,Windows,188,2018-10-03 15:05:26
25114588,Windows,198,2018-10-03 15:08:07
25601664,Linux,200,2018-10-03 15:43:18
24773998,Windows,184,2018-10-03 16:04:13
25204198,Windows,190,2018-10-03 16:16:44
24885608,Windows,199,2018-10-03 17:04:52
26091088,Linux,197,2018-10-03 17:15:49
26091088,Linux,198,2018-10-03 17:20:54
24605867,Linux,197,2018-10-03 17:24:04
26218091,Linux,194,2018-10-03 17:32:48
24624864,Windows,187,2018-10-03 17:41:36
25786410,Windows,186,2018-10-03 17:42:31
24565022,Windows,184,2018-10-03 17:45:24
24885608,Windows,199,2018-10-03 17:58:18
25242600,Windows,190,2018-10-03 18:08:38
25242600,Windows,183,2018-10-03 18:10:31
25786410,Windows,186,2018-10-03 18:12:51
24624864,Windows,187,2018-10-03 18:16:23
24565022,Windows,184,2018-10-03 18:21:54
24975403,Windows,188,2018-10-03 18:42:12
25439050,Windows,060,2018-10-03 18:56:28
26544150,Windows,184,2018-10-03 19:09:54
24773998,Windows,189,2018-10-03 19:22:24
25339870,Linux,182,2018-10-03 19:37:23
25380028,Windows,189,2018-10-03 19:37:30
25339870,Windows,182,2018-10-03 19:41:36
26096418,Windows,191,2018-10-03 19:45:32
25339870,Windows,182,2018-10-03 19:51:25
24773998,Windows,190,2018-10-03 20:04:40
24565022,Windows,195,2018-10-03 20:12:01
24565022,Windows,195,2018-10-03 20:24:21
24773998,Windows,182,2018-10-03 21:26:08
25752214,Windows,183,2018-10-03 21:34:55
25453104,Windows,186,2018-10-03 22:21:44
24808095,Windows,191,2018-10-04 09:08:00
26464140,Windows,194,2018-10-04 09:19:37
25785611,Windows,182,2018-10-04 10:04:08
26136996,Windows,062,2018-10-04 10:13:21
24969144,Windows,200,2018-10-04 11:23:36
25138845,Windows,059,2018-10-04 11:28:50
24512351,Windows,191,2018-10-04 11:29:15
26268848,Linux,198,2018-10-04 11:33:15
25299376,Linux,186,2018-10-04 11:39:09
24808095,Windows,182,2018-10-04 11:39:22
24670784,Windows,061,2018-10-04 11:55:42
25251783,Windows,188,2018-10-04 12:19:53
25534060,Windows,187,2018-10-04 12:23:18
26457848,Windows,195,2018-10-04 12:59:45
25378381,Windows,200,2018-10-04 13:13:03
25299376,Linux,186,2018-10-04 13:27:08
25562553,Windows,184,2018-10-04 14:25:09
24808095,Windows,198,2018-10-04 14:27:39
24624864,Windows,182,2018-10-04 14:53:32
24975403,Windows,183,2018-10-04 15:30:15
26192089,Windows,059,2018-10-04 15:37:06
26544150,Windows,184,2018-10-04 15:40:16
25453104,Windows,184,2018-10-04 17:28:53
26544150,Windows,184,2018-10-04 19:01:38
26457848,Windows,200,2018-10-04 19:04:36
26457848,Windows,200,2018-10-04 19:20:54
26457848,Windows,200,2018-10-04 20:36:33
26544150,Windows,183,2018-10-05 09:25:42
25152154,Windows,187,2018-10-05 13:17:19
25339870,Windows,191,2018-10-05 13:43:11
26457848,Windows,195,2018-10-05 14:11:31
25598856,Windows,199,2018-10-05 14:16:42
26226736,Windows,200,2018-10-05 14:17:58
26457848,Windows,194,2018-10-05 14:35:37
24975403,Windows,190,2018-10-05 15:17:21
24885608,Windows,193,2018-10-05 15:28:28
25601664,Linux,192,2018-10-05 15:33:40
24919938,Windows,188,2018-10-05 15:39:24
25601664,Linux,192,2018-10-05 16:43:11
24773998,Windows,182,2018-10-05 17:01:39
24773998,Windows,181,2018-10-05 17:21:31
26457848,Windows,062,2018-10-05 20:07:28
25601664,Linux,191,2018-10-05 20:13:25
24624864,Windows,183,2018-10-05 20:21:39
26096418,Windows,061,2018-10-05 20:30:23
24751754,Linux,191,2018-10-05 21:14:01
26544150,Windows,183,2018-10-05 22:18:16
24624864,Windows,183,2018-10-05 22:21:20
26544150,Windows,184,2018-10-05 22:21:51
26457848,Windows,195,2018-10-06 09:38:57
24773998,Windows,183,2018-10-06 13:56:45
24975403,Windows,190,2018-10-06 13:56:48
25453104,Windows,189,2018-10-06 14:02:11
24773998,Windows,182,2018-10-06 14:03:11
24773998,Windows,184,2018-10-06 14:39:13
26544150,Windows,197,2018-10-06 15:52:12
26248561,Windows,200,2018-10-06 16:03:19
25797411,Windows,186,2018-10-06 17:50:29
26544150,Windows,197,2018-10-06 18:09:14
24598159,Windows,187,2018-10-06 22:11:18
26096418,Windows,186,2018-10-06 22:21:10
25534060,Windows,187,2018-10-07 10:30:23
25041543,Windows,192,2018-10-07 10:48:13
24468455,Windows,184,2018-10-07 11:37:46
26544150,Windows,197,2018-10-07 12:24:51
25041543,Windows,184,2018-10-07 13:29:50
25598856,Windows,194,2018-10-07 13:32:42
24773998,Windows,193,2018-10-07 14:16:37
26136996,Windows,062,2018-10-07 14:46:01
24624864,Windows,192,2018-10-07 15:05:30
25565100,Windows,188,2018-10-07 15:08:56
24773998,Windows,191,2018-10-07 15:24:59
25534060,Windows,187,2018-10-07 15:48:02
25534060,Windows,187,2018-10-07 15:57:34
25556010,Windows,186,2018-10-07 16:16:30
24919938,Windows,194,2018-10-07 17:25:25
25752214,Windows,193,2018-10-07 17:27:14
25453104,Windows,195,2018-10-07 17:27:45
26096418,Windows,059,2018-10-07 17:38:28
26106941,Windows,198,2018-10-07 19:35:30
26544150,Windows,183,2018-10-07 21:26:12
24383808,Windows,192,2018-10-08 09:23:49
25152154,Windows,059,2018-10-08 09:29:44
25613836,Windows,060,2018-10-08 10:09:45
24773998,Windows,187,2018-10-08 10:34:47
26457848,Windows,195,2018-10-08 11:54:07
25752214,Windows,184,2018-10-08 12:02:22
25251783,Windows,188,2018-10-08 12:37:12
25598856,Windows,193,2018-10-08 13:04:49
25281433,Windows,182,2018-10-08 13:25:30
24393862,Windows,181,2018-10-08 13:28:01
24624864,Windows,189,2018-10-08 13:40:55
24629259,Windows,186,2018-10-08 13:48:34
26544150,Windows,183,2018-10-08 14:00:09
25453104,Windows,188,2018-10-08 16:04:08
26340139,Windows,194,2018-10-08 16:16:44
25251783,Windows,186,2018-10-08 16:27:41
24773998,Windows,187,2018-10-08 16:28:07
25251783,Windows,184,2018-10-08 16:30:48
24773998,Windows,186,2018-10-08 16:31:31
24919938,Windows,183,2018-10-08 17:00:45
25156886,Linux,198,2018-10-08 17:41:15
26340139,Windows,194,2018-10-08 18:20:41
24629259,Windows,186,2018-10-08 18:50:20
26544150,Windows,184,2018-10-08 18:53:35
26544150,Windows,183,2018-10-08 18:56:46
26544150,Windows,184,2018-10-08 19:08:46
25064116,Windows,192,2018-10-08 19:48:00
26238043,Windows,181,2018-10-08 19:48:21
26250992,Windows,182,2018-10-08 19:48:45
25598856,Windows,194,2018-10-08 19:51:44
25064116,Windows,192,2018-10-08 20:11:29
24629259,Windows,186,2018-10-08 21:43:00
26238043,Windows,181,2018-10-08 21:47:11
24383808,Windows,192,2018-10-09 08:22:03
25152154,Windows,190,2018-10-09 10:03:27
24773998,Windows,186,2018-10-09 10:48:22
24808095,Windows,194,2018-10-09 11:32:48
25152154,Windows,190,2018-10-09 12:38:21
25752214,Windows,184,2018-10-09 12:38:26
25281433,Windows,182,2018-10-09 12:38:43
26257377,Linux,198,2018-10-09 13:04:47
26257377,Windows,192,2018-10-09 13:05:59
24898870,Windows,195,2018-10-09 13:19:29
25041543,Windows,062,2018-10-09 13:22:35
26544150,Windows,190,2018-10-09 13:37:57
24773998,Windows,187,2018-10-09 13:46:12
24624864,Windows,185,2018-10-09 14:14:48
26250992,Windows,197,2018-10-09 15:32:07
24919938,Windows,188,2018-10-09 15:53:45
25453104,Windows,189,2018-10-09 16:02:21
26250992,Windows,181,2018-10-09 16:40:35
26544150,Windows,197,2018-10-09 16:47:29
24808095,Windows,194,2018-10-09 17:09:44
24829910,Linux,060,2018-10-09 17:10:43
24829910,Linux,060,2018-10-09 17:16:30
25970402,Windows,059,2018-10-09 17:16:42
24919938,Windows,188,2018-10-09 18:01:14
26544150,Windows,197,2018-10-09 18:06:18
25970402,Linux,059,2018-10-09 18:14:53
26544150,Windows,197,2018-10-09 18:53:04
25251783,Windows,061,2018-10-09 19:28:29
24898870,Windows,195,2018-10-09 19:57:48
24898870,Windows,195,2018-10-09 20:12:30
24829910,Linux,060,2018-10-10 08:01:35
25534060,Windows,187,2018-10-10 08:27:52
24383808,Windows,192,2018-10-10 08:52:57
25534060,Windows,187,2018-10-10 09:09:34
25534060,Windows,187,2018-10-10 09:37:29
25598856,Windows,185,2018-10-10 10:47:22
26259807,Windows,062,2018-10-10 10:54:37
26457848,Windows,195,2018-10-10 10:59:27
25692591,Windows,181,2018-10-10 11:04:17
25242600,Windows,182,2018-10-10 11:17:57
24773998,Windows,189,2018-10-10 11:24:20
25281433,Windows,184,2018-10-10 12:35:27
25041543,Linux,059,2018-10-10 12:44:56
24829910,Linux,060,2018-10-10 12:46:15
25378381,Windows,181,2018-10-10 12:59:53
26257377,Windows,193,2018-10-10 13:16:12
26257377,Windows,192,2018-10-10 13:17:36
26544150,Windows,197,2018-10-10 13:19:13
25372905,Windows,183,2018-10-10 13:54:01
25281433,Windows,184,2018-10-10 13:55:21
25094647,Windows,182,2018-10-10 14:00:24
25152154,Windows,187,2018-10-10 14:54:57
25251783,Windows,188,2018-10-10 14:58:56
25752214,Linux,196,2018-10-10 15:04:03
25453104,Windows,185,2018-10-10 15:28:57
24468455,Windows,184,2018-10-10 16:10:35
25281433,Linux,181,2018-10-10 16:18:04
24831022,Windows,192,2018-10-10 16:26:58
25242600,Windows,182,2018-10-10 17:09:01
25577775,Linux,059,2018-10-10 17:42:14
26340139,Windows,200,2018-10-10 17:51:17
24831022,Windows,181,2018-10-10 18:08:11
24501642,Windows,182,2018-10-10 19:50:05
26250992,Windows,181,2018-10-10 19:52:06
25296783,Windows,183,2018-10-10 19:53:31
25598856,Windows,185,2018-10-10 19:56:58
25138845,Windows,192,2018-10-10 19:59:15
25296783,Windows,183,2018-10-10 20:09:29
24565022,Windows,184,2018-10-10 20:19:55
26544150,Windows,195,2018-10-10 20:31:26
24565022,Windows,184,2018-10-10 20:51:42
24975403,Linux,196,2018-10-10 23:38:50
24624864,Windows,198,2018-10-11 00:41:56
24624864,Windows,198,2018-10-11 00:52:21
26120997,Windows,184,2018-10-11 08:05:15
25785611,Windows,185,2018-10-11 09:31:43
25785611,Windows,182,2018-10-11 10:11:36
24468455,Windows,184,2018-10-11 10:17:25
25556010,Windows,183,2018-10-11 10:32:00
25119128,Windows,181,2018-10-11 10:39:12
26342209,Linux,197,2018-10-11 11:49:58
24459631,Windows,198,2018-10-11 11:49:58
24831022,Windows,181,2018-10-11 12:31:53
26320716,Linux,187,2018-10-11 12:33:46
26544150,Windows,193,2018-10-11 12:54:04
25138845,Windows,192,2018-10-11 13:04:29
24624864,Linux,187,2018-10-11 13:30:54
25251783,Windows,189,2018-10-11 14:02:25
25242600,Windows,181,2018-10-11 14:06:22
24808095,Windows,194,2018-10-11 14:17:13
25562553,Windows,185,2018-10-11 14:25:43
25152154,Windows,059,2018-10-11 14:51:30
25235068,Windows,192,2018-10-11 15:36:32
25556010,Windows,059,2018-10-11 15:41:50
25251783,Windows,184,2018-10-11 17:39:35
26544150,Windows,198,2018-10-11 17:58:40
24773998,Windows,188,2018-10-11 19:39:43
26544150,Windows,197,2018-10-12 00:39:30
26254203,Windows,188,2018-10-12 12:26:20
24554002,Windows,191,2018-10-12 15:18:17
24554002,Windows,192,2018-10-12 15:43:59
25341393,Linux,062,2018-10-12 17:09:13
24554002,Windows,192,2018-10-12 18:58:46
25874897,Windows,184,2018-10-13 12:07:21
25152154,Windows,190,2018-10-13 13:24:42
24773998,Windows,195,2018-10-13 16:34:27
25064116,Windows,191,2018-10-13 18:16:14
25752214,Windows,189,2018-10-14 14:04:46
24919938,Windows,184,2018-10-14 14:06:53
26295719,Windows,194,2018-10-14 14:25:05
25152154,Windows,190,2018-10-14 15:00:43
26544150,Windows,185,2018-10-14 16:00:10
25251783,Windows,061,2018-10-14 16:01:05
24773998,Windows,194,2018-10-14 17:32:19
25064116,Windows,191,2018-10-14 18:15:18
25235410,Windows,195,2018-10-14 19:11:02
25064116,Windows,191,2018-10-14 20:02:48
24557939,Windows,200,2018-10-14 20:53:38
24773998,Windows,195,2018-10-14 21:14:37
24634788,Windows,061,2018-10-14 22:05:46
24773998,Linux,196,2018-10-14 22:14:43
25152154,Windows,190,2018-10-15 10:21:23
26268848,Linux,198,2018-10-15 10:22:54
24808095,Windows,195,2018-10-15 10:23:55
25299376,Linux,185,2018-10-15 10:26:50
26238043,Windows,197,2018-10-15 10:42:00
25251783,Windows,188,2018-10-15 10:55:40
26238043,Linux,197,2018-10-15 11:29:07
26238043,Windows,197,2018-10-15 12:02:57
25181685,Windows,061,2018-10-15 12:27:08
25181685,Windows,061,2018-10-15 12:31:04
25811789,Linux,059,2018-10-15 12:31:21
25181685,Windows,061,2018-10-15 12:33:05
24459631,Linux,195,2018-10-15 12:34:22
26342209,Linux,194,2018-10-15 12:38:47
25181685,Linux,060,2018-10-15 12:43:00
24808095,Linux,194,2018-10-15 12:55:46
24808095,Windows,194,2018-10-15 12:57:34
24624864,Linux,186,2018-10-15 13:06:32
26544150,Windows,184,2018-10-15 13:40:00
24921407,Linux,060,2018-10-15 13:43:49
26257377,Windows,192,2018-10-15 14:09:04
25556010,Windows,197,2018-10-15 14:30:27
25299376,Linux,182,2018-10-15 14:47:23
25170344,Windows,199,2018-10-15 15:02:29
25752214,Windows,187,2018-10-15 15:36:58
24773998,Windows,188,2018-10-15 15:40:06
25977618,Linux,060,2018-10-15 15:47:01
25586014,Linux,059,2018-10-15 15:47:17
25235068,Windows,197,2018-10-15 15:54:46
25235068,Linux,195,2018-10-15 15:56:33
24969144,Windows,194,2018-10-15 16:31:57
25598856,Windows,199,2018-10-15 16:40:07
25598856,Linux,199,2018-10-15 16:49:10
25585637,Linux,182,2018-10-15 17:05:11
24565022,Windows,199,2018-10-15 17:07:50
24975403,Windows,187,2018-10-15 17:09:42
25977618,Linux,195,2018-10-15 17:24:18
24793980,Linux,059,2018-10-15 17:24:40
24898870,Windows,198,2018-10-15 17:27:39
24831022,Windows,181,2018-10-15 17:30:05
25585637,Windows,182,2018-10-15 17:32:45
24793980,Linux,059,2018-10-15 17:39:53
25170344,Windows,193,2018-10-15 17:41:03
25562553,Windows,185,2018-10-15 17:42:07
24793980,Linux,195,2018-10-15 17:55:47
24885608,Windows,198,2018-10-15 18:38:09
24624864,Linux,186,2018-10-15 18:47:40
24742766,Windows,199,2018-10-15 18:50:18
24624864,Windows,186,2018-10-15 18:51:12
26544150,Windows,184,2018-10-15 19:05:47
25958891,Windows,193,2018-10-15 19:48:23
24501642,Windows,197,2018-10-15 19:53:33
25094647,Windows,198,2018-10-15 19:59:44
25958891,Windows,181,2018-10-15 20:00:05
24885608,Windows,193,2018-10-15 20:22:42
24751754,Linux,199,2018-10-15 20:43:04
26320716,Linux,059,2018-10-15 21:08:20
26320716,Linux,060,2018-10-15 21:10:15
24773998,Windows,182,2018-10-15 23:03:45
24383808,Windows,193,2018-10-16 09:50:59
25152154,Windows,190,2018-10-16 09:56:23
24871766,Linux,062,2018-10-16 10:28:02
25752214,Windows,186,2018-10-16 12:32:41
25251783,Windows,184,2018-10-16 12:33:04
24975403,Windows,188,2018-10-16 12:50:27
25251783,Windows,184,2018-10-16 13:13:52
25251783,Windows,184,2018-10-16 14:04:47
25152154,Windows,059,2018-10-16 14:12:55
25152154,Windows,194,2018-10-16 14:23:03
24919938,Windows,195,2018-10-16 15:47:12
25291218,Windows,181,2018-10-16 16:14:39
24468455,Windows,198,2018-10-16 16:15:34
26320716,Linux,059,2018-10-16 16:37:29
26544150,Windows,184,2018-10-16 16:52:50
25339870,Windows,193,2018-10-16 17:14:43
24919938,Windows,195,2018-10-16 18:36:31
24646409,Windows,193,2018-10-16 19:05:15
25291218,Windows,181,2018-10-16 19:31:28
25251783,Windows,061,2018-10-16 20:10:45
24975403,Windows,185,2018-10-16 21:36:57
25152154,Windows,190,2018-10-16 22:58:37
25339870,Windows,187,2018-10-17 09:16:50
25168935,Linux,059,2018-10-17 10:56:11
25168935,Linux,062,2018-10-17 10:59:37
26254203,Windows,189,2018-10-17 12:22:25
25709773,Windows,062,2018-10-17 12:37:58
26502659,Linux,182,2018-10-17 12:42:08
26532034,Windows,195,2018-10-17 13:00:10
24885608,Windows,197,2018-10-17 13:05:17
25601664,Linux,196,2018-10-17 13:07:00
25709773,Windows,062,2018-10-17 13:52:22
25339870,Windows,193,2018-10-17 14:10:39
24773998,Windows,184,2018-10-17 14:47:46
25786410,Windows,185,2018-10-17 14:52:55
26544150,Windows,184,2018-10-17 15:37:39
26248561,Windows,199,2018-10-17 15:44:49
25786410,Windows,185,2018-10-17 16:21:00
25299376,Linux,196,2018-10-17 16:41:45
24975403,Windows,184,2018-10-17 17:27:27
25598856,Windows,199,2018-10-17 17:28:54
24885608,Windows,195,2018-10-17 17:29:35
24468455,Windows,198,2018-10-17 17:32:29
24793980,Linux,059,2018-10-17 17:32:32
26544150,Windows,184,2018-10-17 17:33:00
26331564,Windows,182,2018-10-17 17:45:53
24960446,Windows,061,2018-10-17 18:34:07
24773998,Windows,181,2018-10-17 18:36:35
25712811,Linux,061,2018-10-17 18:38:28
24960446,Linux,059,2018-10-17 18:45:29
25709773,Windows,198,2018-10-17 18:56:09
25709773,Windows,200,2018-10-17 18:58:48
25709773,Windows,199,2018-10-17 19:00:03
24460942,Linux,182,2018-10-17 20:55:08
25114822,Linux,181,2018-10-17 20:58:59
24808095,Windows,198,2018-10-17 21:07:48
25709773,Windows,200,2018-10-17 21:41:50
25152154,Windows,194,2018-10-17 21:45:00
25152154,Windows,190,2018-10-17 21:52:52
25251783,Windows,187,2018-10-17 22:09:43
25299376,Linux,195,2018-10-17 23:46:05
25709773,Windows,199,2018-10-18 00:30:27
25900533,Linux,062,2018-10-18 04:21:58
24961917,Linux,190,2018-10-18 09:29:18
25378381,Linux,061,2018-10-18 10:22:11
25378381,Windows,197,2018-10-18 10:27:44
26540459,Windows,198,2018-10-18 10:52:53
25168935,Linux,059,2018-10-18 11:26:43
25251783,Windows,185,2018-10-18 12:21:16
24773998,Windows,190,2018-10-18 12:47:41
25291218,Windows,181,2018-10-18 14:13:15
26544150,Windows,182,2018-10-18 14:24:48
24516164,Windows,195,2018-10-18 14:24:56
26340139,Windows,199,2018-10-18 14:58:45
25601664,Linux,061,2018-10-18 15:25:32
24960446,Linux,062,2018-10-18 15:35:21
25613836,Windows,060,2018-10-18 16:36:20
25152154,Windows,190,2018-10-18 17:00:21
25251783,Windows,059,2018-10-18 17:25:05
24975403,Windows,189,2018-10-18 17:30:54
25709773,Windows,197,2018-10-18 18:33:18
25251783,Windows,059,2018-10-18 18:39:09
25709773,Windows,198,2018-10-18 22:10:09
26544150,Windows,182,2018-10-18 22:19:47
25534060,Windows,187,2018-10-19 09:18:14
25534060,Windows,187,2018-10-19 11:33:03
24751754,Windows,193,2018-10-19 14:10:26
24885608,Windows,192,2018-10-19 14:18:54
25709773,Windows,195,2018-10-19 14:26:03
25601664,Windows,191,2018-10-19 14:57:18
24624864,Windows,198,2018-10-19 15:32:23
26544150,Windows,182,2018-10-19 19:27:13
25534060,Windows,187,2018-10-20 08:46:39
25534060,Windows,187,2018-10-20 10:11:11
25534060,Windows,187,2018-10-20 10:45:10
25534060,Windows,187,2018-10-20 10:56:41
26544150,Windows,182,2018-10-20 14:56:34
24919938,Windows,195,2018-10-20 15:23:05
25709773,Windows,198,2018-10-20 16:32:09
24773998,Linux,185,2018-10-20 17:54:49
26320716,Linux,181,2018-10-20 18:01:33
24975403,Windows,188,2018-10-20 19:26:31
24751754,Linux,191,2018-10-20 19:41:38
26320716,Windows,181,2018-10-20 20:34:14
26320716,Windows,190,2018-10-20 21:12:24
25251783,Windows,189,2018-10-20 22:19:54
25041543,Windows,185,2018-10-21 10:17:39
26544150,Windows,182,2018-10-21 10:33:39
25534060,Windows,188,2018-10-21 10:34:44
24975403,Windows,183,2018-10-21 10:39:23
24383808,Windows,192,2018-10-21 10:53:41
25534060,Windows,188,2018-10-21 10:57:38
26464140,Linux,194,2018-10-21 11:22:20
25709773,Windows,191,2018-10-21 12:23:37
24393862,Windows,199,2018-10-21 12:34:39
26254203,Windows,185,2018-10-21 13:41:35
24975403,Windows,188,2018-10-21 13:59:55
26464140,Linux,193,2018-10-21 14:33:14
25152154,Windows,194,2018-10-21 15:07:07
25709773,Windows,191,2018-10-21 15:40:06
25709773,Windows,192,2018-10-21 17:24:13
25709773,Windows,191,2018-10-21 17:24:30
25709773,Windows,193,2018-10-21 17:26:18
25453104,Windows,187,2018-10-21 18:51:24
24806393,Windows,059,2018-10-22 09:53:47
25152154,Windows,194,2018-10-22 10:15:43
26342209,Linux,195,2018-10-22 12:32:47
24773998,Windows,185,2018-10-22 14:21:21
25453104,Windows,188,2018-10-22 15:35:31
25709773,Windows,191,2018-10-22 15:42:11
25709773,Windows,192,2018-10-22 15:51:31
26320716,Windows,060,2018-10-22 16:33:47
24773998,Windows,185,2018-10-22 16:35:07
25251783,Windows,189,2018-10-22 16:49:35
26544150,Windows,182,2018-10-22 16:51:03
24975403,Windows,183,2018-10-22 16:52:02
25251783,Windows,189,2018-10-22 17:12:12
24501642,Windows,198,2018-10-22 19:43:43
26238043,Windows,197,2018-10-22 20:00:52
26320716,Windows,193,2018-10-22 21:01:10
24554002,Windows,191,2018-10-22 21:02:57
25709773,Windows,195,2018-10-22 21:23:14
26540459,Windows,192,2018-10-23 09:43:18
26096418,Windows,060,2018-10-23 09:44:48
24821794,Windows,198,2018-10-23 09:47:26
24516164,Windows,195,2018-10-23 09:49:39
26096418,Windows,059,2018-10-23 10:44:09
26238043,Windows,184,2018-10-23 10:50:58
26096418,Windows,187,2018-10-23 11:08:46
26544150,Windows,182,2018-10-23 12:14:29
24975403,Windows,183,2018-10-23 12:15:55
25281433,Windows,195,2018-10-23 12:45:15
25709773,Windows,191,2018-10-23 13:12:54
25251783,Windows,188,2018-10-23 14:25:48
24773998,Windows,187,2018-10-23 14:45:46
26136996,Windows,060,2018-10-23 15:57:20
25709773,Windows,191,2018-10-23 16:29:18
25709773,Windows,192,2018-10-23 16:48:42
25152154,Windows,194,2018-10-23 16:53:59
25752214,Windows,190,2018-10-23 18:05:42
25251783,Windows,186,2018-10-23 20:17:14
26457848,Windows,195,2018-10-24 08:57:45
26544150,Windows,182,2018-10-24 13:31:09
24975403,Windows,183,2018-10-24 13:47:18
26254203,Windows,189,2018-10-24 14:12:46
25752214,Windows,185,2018-10-24 14:38:20
25152154,Windows,190,2018-10-24 15:14:54
24624864,Windows,184,2018-10-24 15:38:26
24624864,Windows,184,2018-10-24 17:44:44
24975403,Windows,183,2018-10-24 18:10:30
25251783,Windows,061,2018-10-24 18:15:27
26544150,Windows,182,2018-10-24 18:15:58
24554002,Windows,194,2018-10-25 07:13:20
24554002,Windows,194,2018-10-25 09:48:25
24554002,Windows,194,2018-10-25 10:13:02
24919938,Windows,189,2018-10-25 15:02:37
24975403,Windows,183,2018-10-25 16:09:16
26544150,Windows,182,2018-10-25 17:50:28
26502659,Linux,060,2018-10-25 20:37:33
25193644,Windows,195,2018-10-25 21:06:36
24554002,Windows,194,2018-10-26 03:04:29
25341393,Linux,062,2018-10-26 11:09:47
25709773,Windows,189,2018-10-26 13:04:34
25709773,Windows,190,2018-10-26 13:05:03
26254203,Windows,197,2018-10-26 13:44:02
26544150,Windows,182,2018-10-26 13:49:52
25241413,Windows,191,2018-10-26 13:53:51
24975403,Windows,183,2018-10-26 14:20:39
24919938,Windows,185,2018-10-26 14:29:10
24991446,Windows,200,2018-10-26 18:27:43
26502659,Linux,060,2018-10-26 19:26:54
25235410,Windows,187,2018-10-26 20:14:47
25709773,Windows,197,2018-10-26 20:21:07
26320716,Linux,060,2018-10-26 21:21:23
26320716,Windows,060,2018-10-26 21:22:55
26544150,Windows,182,2018-10-26 22:41:24
24919938,Windows,189,2018-10-27 15:25:40
24991446,Windows,195,2018-10-27 15:44:57
26254203,Windows,189,2018-10-27 17:32:25
24806393,Windows,061,2018-10-28 08:42:21
25435564,Windows,191,2018-10-28 09:42:43
24731317,Linux,198,2018-10-28 09:59:12
26228488,Linux,199,2018-10-28 10:10:31
26255363,Linux,200,2018-10-28 10:12:19
26255363,Windows,200,2018-10-28 10:15:46
26228488,Windows,199,2018-10-28 10:16:36
24459631,Linux,186,2018-10-28 10:32:58
25378381,Windows,189,2018-10-28 10:33:34
26342209,Linux,187,2018-10-28 10:36:51
24969144,Windows,188,2018-10-28 11:03:30
24522917,Windows,197,2018-10-28 11:52:32
25235068,Linux,198,2018-10-28 12:50:33
25435564,Windows,191,2018-10-28 12:56:28
24975403,Windows,186,2018-10-28 13:06:25
25977618,Linux,198,2018-10-28 13:12:49
24512351,Linux,187,2018-10-28 14:03:16
25709773,Windows,197,2018-10-28 14:21:35
25709773,Windows,198,2018-10-28 14:21:37
26544150,Windows,182,2018-10-28 14:22:23
25181685,Linux,059,2018-10-28 14:40:06
25152154,Windows,059,2018-10-28 14:50:27
24840057,Linux,059,2018-10-28 15:14:49
26502659,Linux,061,2018-10-28 15:17:47
25372905,Linux,059,2018-10-28 15:26:09
25372905,Linux,059,2018-10-28 15:26:40
25372905,Linux,061,2018-10-28 15:27:28
25372905,Windows,061,2018-10-28 15:29:01
24871766,Linux,059,2018-10-28 15:47:31
25152154,Windows,061,2018-10-28 15:57:45
25152154,Linux,061,2018-10-28 16:19:11
25152154,Windows,061,2018-10-28 16:28:55
26268848,Linux,198,2018-10-28 16:33:31
24921407,Windows,200,2018-10-28 16:34:38
25811789,Linux,199,2018-10-28 16:34:55
24921407,Linux,200,2018-10-28 16:36:26
26228488,Windows,194,2018-10-28 18:18:16
25114822,Linux,200,2018-10-28 19:42:54
24773998,Windows,187,2018-10-28 19:55:36
25372905,Windows,197,2018-10-28 20:21:31
25281433,Windows,198,2018-10-28 20:21:59
25281433,Linux,198,2018-10-28 20:25:52
25281433,Linux,198,2018-10-28 20:31:26
25372905,Windows,061,2018-10-28 20:48:14
24460942,Linux,200,2018-10-28 20:49:43
25281433,Windows,198,2018-10-28 21:21:49
24919938,Windows,188,2018-10-28 21:46:20
25811789,Linux,060,2018-10-29 00:46:56
25556010,Windows,183,2018-10-29 09:31:01
25152154,Windows,194,2018-10-29 09:31:58
26238043,Windows,182,2018-10-29 09:37:46
26238043,Windows,197,2018-10-29 10:45:11
24501642,Windows,198,2018-10-29 10:45:30
24468455,Windows,198,2018-10-29 11:03:01
24468455,Linux,198,2018-10-29 11:38:07
24468455,Windows,198,2018-10-29 11:43:48
25727537,Windows,184,2018-10-29 11:46:26
25435564,Windows,191,2018-10-29 11:49:24
24459631,Linux,182,2018-10-29 12:30:04
24624864,Windows,188,2018-10-29 12:32:19
26342209,Linux,181,2018-10-29 12:37:37
26342209,Linux,181,2018-10-29 12:49:44
24975403,Windows,189,2018-10-29 13:20:42
25727537,Windows,184,2018-10-29 14:12:09
25598856,Windows,193,2018-10-29 15:11:30
25341393,Linux,059,2018-10-29 15:31:01
26544150,Windows,182,2018-10-29 15:38:59
24919938,Windows,189,2018-10-29 15:39:04
24624864,Windows,195,2018-10-29 15:41:59
25341393,Windows,059,2018-10-29 15:50:43
24468455,Windows,195,2018-10-29 16:24:41
24969144,Windows,199,2018-10-29 16:30:55
25709773,Windows,184,2018-10-29 16:35:01
25372905,Windows,188,2018-10-29 16:39:58
24468455,Windows,198,2018-10-29 16:44:20
24468455,Linux,198,2018-10-29 16:48:27
24468455,Windows,198,2018-10-29 16:55:44
24831022,Windows,186,2018-10-29 17:24:28
24773998,Windows,182,2018-10-29 17:25:42
24624864,Windows,189,2018-10-29 17:29:34
24393862,Windows,188,2018-10-29 17:44:43
25971797,Linux,181,2018-10-29 17:47:58
24773998,Windows,181,2018-10-29 17:49:37
24962223,Windows,182,2018-10-29 19:49:37
25281433,Windows,198,2018-10-29 19:54:56
25709773,Windows,199,2018-10-29 20:08:17
25709773,Windows,200,2018-10-29 20:09:39
26320716,Linux,060,2018-10-29 21:03:20
25534060,Windows,187,2018-10-30 08:49:28
25341393,Windows,059,2018-10-30 09:08:23
26457848,Windows,200,2018-10-30 11:07:32
25299376,Linux,183,2018-10-30 11:39:44
25453104,Linux,062,2018-10-30 12:08:52
25453104,Windows,062,2018-10-30 12:11:27
25534060,Windows,187,2018-10-30 12:20:43
25152154,Windows,194,2018-10-30 12:38:47
25613836,Windows,195,2018-10-30 12:38:53
25554845,Windows,059,2018-10-30 12:38:53
25709773,Windows,191,2018-10-30 12:46:53
25709773,Windows,192,2018-10-30 12:48:54
26228488,Windows,188,2018-10-30 13:05:38
24624864,Windows,197,2018-10-30 13:10:51
24898870,Windows,190,2018-10-30 13:30:03
25435564,Windows,191,2018-10-30 13:53:27
25971797,Windows,181,2018-10-30 14:17:25
25388047,Windows,194,2018-10-30 14:30:32
24975403,Windows,195,2018-10-30 14:39:19
25727537,Windows,184,2018-10-30 14:49:03
25152154,Windows,190,2018-10-30 14:55:21
25958891,Linux,183,2018-10-30 15:00:20
24962223,Windows,182,2018-10-30 15:05:51
25296783,Windows,192,2018-10-30 15:13:10
25917378,Windows,200,2018-10-30 15:27:26
24773998,Windows,194,2018-10-30 15:38:51
25917378,Windows,199,2018-10-30 15:57:42
25917378,Windows,060,2018-10-30 16:27:49
24565022,Windows,059,2018-10-30 16:46:47
26320716,Linux,062,2018-10-30 17:32:55
25917378,Windows,061,2018-10-30 17:59:08
25917378,Windows,059,2018-10-30 18:25:41
25727537,Windows,184,2018-10-30 20:02:35
26330375,Windows,191,2018-10-30 20:43:27
24975403,Windows,195,2018-10-30 21:22:52
26435731,Windows,188,2018-10-30 22:19:15
26544150,Windows,059,2018-10-30 22:30:17
26218091,Linux,198,2018-10-31 09:35:44
25812245,Linux,197,2018-10-31 09:36:00
25341393,Windows,059,2018-10-31 09:46:57
24975403,Windows,183,2018-10-31 11:40:40
25598856,Windows,199,2018-10-31 13:12:27
25041543,Windows,193,2018-10-31 13:29:51
24975403,Windows,183,2018-10-31 14:34:55
24624864,Windows,188,2018-10-31 15:26:09
25598856,Linux,199,2018-10-31 15:36:05
26544150,Windows,059,2018-10-31 15:38:17
25094647,Windows,198,2018-10-31 15:44:06
25598856,Windows,199,2018-10-31 15:52:53
25041543,Windows,193,2018-10-31 15:54:44
25727537,Windows,181,2018-10-31 16:13:56
24831022,Windows,191,2018-10-31 16:34:56
26291269,Windows,186,2018-10-31 16:46:26
25242600,Windows,182,2018-10-31 16:57:35
25281433,Windows,197,2018-10-31 16:59:58
25601664,Linux,194,2018-10-31 17:15:27
26238043,Windows,185,2018-10-31 17:40:37
26306054,Windows,182,2018-10-31 18:00:46
26340139,Windows,187,2018-10-31 18:01:02
26321999,Windows,181,2018-10-31 18:06:13
26306054,Windows,182,2018-10-31 18:15:23
24677886,Windows,061,2018-10-31 18:42:27
24677886,Linux,061,2018-10-31 18:44:02
24773998,Windows,187,2018-10-31 19:34:40
24773998,Windows,186,2018-10-31 20:02:58
26532034,Linux,060,2018-10-31 20:21:13
24568416,Linux,059,2018-10-31 20:31:44
26248561,Windows,200,2018-10-31 20:51:25
26248561,Linux,200,2018-10-31 20:52:27
26091088,Linux,060,2018-10-31 21:09:39
24677886,Linux,061,2018-10-31 22:06:30
24554002,Windows,191,2018-11-01 00:26:20
24554002,Windows,191,2018-11-01 06:35:41
25709773,Windows,190,2018-11-01 10:08:31
26340139,Windows,200,2018-11-01 10:13:38
25785611,Windows,182,2018-11-01 10:14:54
24975403,Windows,194,2018-11-01 10:40:31
25378381,Windows,193,2018-11-01 10:45:01
25556010,Windows,191,2018-11-01 10:46:11
26228488,Windows,183,2018-11-01 10:49:49
24922413,Windows,061,2018-11-01 11:07:19
24514695,Windows,188,2018-11-01 11:36:26
25236247,Windows,185,2018-11-01 11:55:36
25236247,Windows,184,2018-11-01 12:03:18
25114588,Windows,187,2018-11-01 12:27:57
26532034,Linux,059,2018-11-01 12:42:26
25236247,Windows,184,2018-11-01 12:52:08
26321999,Windows,181,2018-11-01 13:01:05
26306054,Windows,182,2018-11-01 13:13:20
26342209,Linux,185,2018-11-01 13:25:58
24459631,Windows,188,2018-11-01 13:26:21
26502659,Linux,059,2018-11-01 13:27:35
26417393,Windows,193,2018-11-01 13:32:21
25119128,Windows,193,2018-11-01 14:00:50
25299376,Linux,182,2018-11-01 14:29:00
25281433,Windows,188,2018-11-01 14:29:15
25281433,Windows,188,2018-11-01 14:33:13
26544150,Windows,059,2018-11-01 14:46:50
25504953,Linux,182,2018-11-01 15:36:32
26228488,Linux,200,2018-11-01 17:10:56
25251783,Windows,192,2018-11-01 23:58:39
25917378,Windows,060,2018-11-02 10:26:14
26228488,Linux,199,2018-11-02 11:13:56
26228488,Windows,199,2018-11-02 11:42:22
24975403,Windows,195,2018-11-02 12:26:36
24922413,Windows,060,2018-11-02 12:43:23
26544150,Windows,182,2018-11-02 13:28:54
24624864,Windows,183,2018-11-02 14:02:47
24624864,Linux,183,2018-11-02 14:04:11
25917378,Windows,062,2018-11-02 15:06:52
26440876,Windows,059,2018-11-02 15:11:12
24922413,Windows,061,2018-11-02 15:14:37
24922413,Windows,060,2018-11-02 15:16:24
24922413,Windows,061,2018-11-02 15:17:43
26228488,Windows,200,2018-11-02 15:51:46
24808095,Windows,188,2018-11-02 15:59:20
25534060,Windows,187,2018-11-02 17:15:28
26371613,Windows,191,2018-11-02 17:42:39
25251783,Windows,061,2018-11-02 18:58:42
24624864,Windows,197,2018-11-02 19:48:25
24624864,Linux,197,2018-11-02 19:53:16
24683402,Windows,062,2018-11-02 20:47:12
26228488,Linux,059,2018-11-03 09:24:04
26228488,Windows,059,2018-11-03 09:32:51
24773998,Windows,192,2018-11-03 09:46:23
25041543,Windows,185,2018-11-03 10:01:35
25296783,Windows,182,2018-11-03 12:33:42
24468455,Linux,183,2018-11-03 12:39:28
24468455,Linux,183,2018-11-03 12:45:20
25296783,Linux,182,2018-11-03 12:45:51
24975403,Windows,191,2018-11-03 13:14:54
26330375,Windows,194,2018-11-03 13:42:57
24683402,Windows,061,2018-11-03 14:37:37
24624864,Windows,198,2018-11-03 15:02:33
26544150,Windows,182,2018-11-03 15:09:49
26440876,Windows,059,2018-11-03 15:45:06
25917378,Windows,062,2018-11-03 15:45:31
26440876,Windows,059,2018-11-03 16:11:12
26440876,Windows,060,2018-11-03 16:28:20
25251783,Windows,060,2018-11-03 16:48:30
24554002,Windows,186,2018-11-03 19:20:58
26320716,Windows,060,2018-11-03 19:56:20
25251783,Windows,061,2018-11-03 20:16:37
24975403,Windows,192,2018-11-03 22:15:33
24969144,Windows,199,2018-11-04 09:29:39
25556010,Windows,191,2018-11-04 09:57:39
26228488,Windows,186,2018-11-04 10:29:49
25281433,Windows,197,2018-11-04 10:35:00
26255363,Linux,187,2018-11-04 10:40:16
25917378,Windows,061,2018-11-04 10:44:32
25917378,Windows,062,2018-11-04 10:56:59
24639152,Windows,061,2018-11-04 11:13:19
24639152,Linux,061,2018-11-04 11:30:00
26457848,Windows,194,2018-11-04 11:31:10
24639152,Linux,061,2018-11-04 11:59:54
24639152,Windows,061,2018-11-04 12:01:39
24639152,Linux,061,2018-11-04 12:07:53
26255363,Linux,187,2018-11-04 12:17:19
24468455,Windows,185,2018-11-04 13:19:58
26238043,Windows,184,2018-11-04 13:40:06
24468455,Linux,185,2018-11-04 13:44:02
25668314,Windows,198,2018-11-04 13:44:09
25340297,Windows,199,2018-11-04 13:47:47
25152154,Windows,194,2018-11-04 13:49:39
24975403,Windows,189,2018-11-04 14:23:41
25917378,Windows,062,2018-11-04 14:23:43
25453104,Windows,188,2018-11-04 14:28:52
25251783,Windows,187,2018-11-04 14:33:48
25885069,Windows,190,2018-11-04 14:36:28
25752214,Windows,193,2018-11-04 14:40:25
25917378,Windows,060,2018-11-04 14:55:20
24501642,Windows,184,2018-11-04 15:09:23
25752214,Windows,193,2018-11-04 15:17:02
25917378,Windows,062,2018-11-04 15:27:24
24885608,Windows,188,2018-11-04 15:50:57
25556010,Windows,182,2018-11-04 16:17:15
26238043,Windows,184,2018-11-04 16:39:57
25534060,Windows,188,2018-11-04 16:58:38
26544150,Windows,195,2018-11-04 17:04:53
24624864,Windows,194,2018-11-04 17:23:10
24975403,Windows,188,2018-11-04 17:25:04
24501642,Windows,185,2018-11-04 17:57:17
26295719,Windows,188,2018-11-04 21:34:54
24975403,Windows,188,2018-11-04 22:17:15
25152154,Windows,060,2018-11-05 09:28:49
24383808,Windows,192,2018-11-05 09:32:32
24808095,Windows,194,2018-11-05 12:29:50
25152154,Windows,060,2018-11-05 12:41:39
25251783,Windows,186,2018-11-05 12:47:35
26259807,Windows,062,2018-11-05 13:03:25
24975403,Windows,185,2018-11-05 13:05:09
26340139,Windows,200,2018-11-05 13:40:08
24969144,Windows,199,2018-11-05 13:40:20
24624864,Windows,187,2018-11-05 13:52:05
26238043,Windows,182,2018-11-05 13:55:29
26340139,Windows,200,2018-11-05 14:32:21
25152154,Windows,059,2018-11-05 14:32:44
26544150,Windows,195,2018-11-05 14:55:03
25709773,Windows,197,2018-11-05 16:22:20
25709773,Windows,198,2018-11-05 16:22:41
25598856,Windows,182,2018-11-05 16:30:36
24468455,Windows,185,2018-11-05 16:31:14
26238043,Windows,184,2018-11-05 16:39:26
24975403,Windows,188,2018-11-05 16:40:43
25281433,Windows,194,2018-11-05 16:42:13
24831022,Windows,189,2018-11-05 16:48:09
24969144,Windows,199,2018-11-05 16:59:31
25556010,Windows,185,2018-11-05 17:06:43
24645484,Windows,192,2018-11-05 17:49:35
26457848,Windows,059,2018-11-05 18:32:30
24898870,Windows,193,2018-11-05 18:53:12
24383808,Windows,194,2018-11-05 19:01:25
25681403,Windows,198,2018-11-05 19:48:20
26238043,Windows,184,2018-11-05 19:48:27
25556010,Windows,197,2018-11-05 19:50:08
26228488,Linux,199,2018-11-05 19:54:10
26340139,Windows,200,2018-11-05 20:13:47
26228488,Windows,199,2018-11-05 20:18:36
26340139,Windows,200,2018-11-05 20:53:40
26340139,Windows,200,2018-11-05 21:03:18
25534060,Windows,187,2018-11-06 08:32:40
24773998,Windows,191,2018-11-06 09:38:55
26464140,Windows,194,2018-11-06 10:21:47
26457848,Windows,200,2018-11-06 10:37:16
26238043,Windows,184,2018-11-06 10:42:07
25378381,Windows,193,2018-11-06 11:02:40
24969144,Windows,193,2018-11-06 11:37:06
24821794,Windows,192,2018-11-06 11:39:42
25378381,Windows,198,2018-11-06 11:44:16
25917378,Windows,187,2018-11-06 12:28:06
25917378,Windows,062,2018-11-06 12:32:57
25709773,Windows,190,2018-11-06 12:34:29
25152154,Windows,194,2018-11-06 12:38:10
25534060,Windows,187,2018-11-06 12:47:51
25598856,Windows,182,2018-11-06 13:00:08
24898870,Windows,200,2018-11-06 13:15:12
24624864,Linux,196,2018-11-06 13:45:40
26340139,Windows,199,2018-11-06 14:07:09
26340139,Windows,199,2018-11-06 14:31:33
24975403,Windows,192,2018-11-06 14:33:12
26340139,Windows,198,2018-11-06 14:34:04
26340139,Windows,199,2018-11-06 14:37:38
24624864,Windows,193,2018-11-06 14:53:13
24459055,Windows,062,2018-11-06 15:29:21
26295719,Windows,188,2018-11-06 15:44:59
25251783,Windows,199,2018-11-06 18:03:37
26544150,Windows,195,2018-11-06 18:15:04
24898870,Windows,187,2018-11-06 18:52:21
26490045,Windows,188,2018-11-06 19:42:07
24898870,Windows,190,2018-11-06 23:26:11
24898870,Windows,200,2018-11-06 23:31:33
24898870,Windows,200,2018-11-06 23:33:53
24898870,Windows,190,2018-11-06 23:37:50
24975403,Windows,186,2018-11-06 23:54:27
24773998,Windows,191,2018-11-07 09:57:00
26228488,Windows,199,2018-11-07 11:10:18
24898870,Windows,189,2018-11-07 13:21:24
25281433,Windows,184,2018-11-07 13:25:47
24919938,Windows,197,2018-11-07 13:51:59
24624864,Windows,192,2018-11-07 14:29:14
25152154,Windows,194,2018-11-07 14:41:44
25281433,Windows,184,2018-11-07 15:39:07
26544150,Windows,197,2018-11-07 16:03:35
25585637,Windows,187,2018-11-07 16:29:51
24975403,Windows,193,2018-11-07 17:26:38
26238043,Windows,188,2018-11-07 17:42:09
24991446,Windows,194,2018-11-07 18:10:48
25242600,Windows,181,2018-11-07 18:12:15
24624864,Windows,198,2018-11-07 18:29:10
26259807,Windows,195,2018-11-07 19:10:50
26238043,Windows,184,2018-11-07 19:45:20
24898870,Windows,187,2018-11-07 19:53:32
25296783,Windows,182,2018-11-07 20:01:53
25094647,Windows,181,2018-11-07 20:09:02
24501642,Windows,182,2018-11-07 22:14:28
24393862,Windows,184,2018-11-07 22:50:18
25138845,Windows,185,2018-11-07 23:10:28
25372905,Windows,181,2018-11-08 00:02:04
24393862,Windows,183,2018-11-08 02:07:32
24773998,Windows,191,2018-11-08 10:44:48
26238043,Windows,184,2018-11-08 11:02:30
25341393,Windows,061,2018-11-08 11:12:13
25281433,Windows,197,2018-11-08 11:19:29
25378381,Windows,193,2018-11-08 11:24:26
24808095,Windows,188,2018-11-08 11:25:25
24831022,Windows,186,2018-11-08 11:32:05
25296783,Windows,183,2018-11-08 11:39:08
24468455,Windows,182,2018-11-08 12:06:27
26340139,Windows,200,2018-11-08 12:34:53
26340139,Windows,199,2018-11-08 12:38:52
24975403,Windows,193,2018-11-08 13:06:47
25556010,Windows,186,2018-11-08 13:16:13
26342209,Linux,188,2018-11-08 13:22:13
24459631,Windows,189,2018-11-08 13:22:32
24624864,Windows,197,2018-11-08 14:15:23
26250992,Windows,185,2018-11-08 14:29:12
25152154,Windows,059,2018-11-08 14:56:52
25452096,Windows,187,2018-11-08 14:59:00
25453104,Windows,192,2018-11-08 15:05:13
26544150,Windows,182,2018-11-08 15:46:28
26320716,Windows,061,2018-11-08 16:13:42
25452096,Windows,187,2018-11-08 16:21:35
24501642,Windows,189,2018-11-08 16:28:33
26320716,Linux,061,2018-11-08 16:30:36
26320716,Windows,061,2018-11-08 16:35:20
25152154,Windows,194,2018-11-08 16:46:59
26544150,Windows,195,2018-11-08 17:11:54
26544150,Windows,195,2018-11-08 22:53:09
26340139,Windows,199,2018-11-09 01:49:47
26340139,Windows,199,2018-11-09 03:37:07
25534060,Windows,187,2018-11-09 11:28:00
25534060,Windows,187,2018-11-09 13:51:42
24773998,Windows,191,2018-11-09 14:45:56
26257377,Windows,185,2018-11-09 15:19:46
24919938,Windows,195,2018-11-09 15:23:55
25534060,Windows,187,2018-11-09 15:29:39
26544150,Windows,059,2018-11-09 15:31:16
26340139,Windows,199,2018-11-09 15:34:27
24962223,Windows,185,2018-11-09 17:08:02
24975403,Windows,193,2018-11-09 20:53:10
25251783,Windows,191,2018-11-09 21:03:30
24773998,Windows,191,2018-11-09 22:31:32
26228488,Windows,059,2018-11-10 10:23:37
24773998,Windows,191,2018-11-10 10:50:42
24962223,Windows,185,2018-11-10 11:25:09
25341393,Linux,062,2018-11-10 12:40:54
24969144,Windows,192,2018-11-10 13:48:08
25378381,Windows,193,2018-11-10 13:50:52
24645484,Windows,187,2018-11-10 15:14:42
24898870,Windows,187,2018-11-10 15:27:27
26544150,Windows,062,2018-11-10 15:50:20
26228488,Linux,059,2018-11-10 17:42:57
26502659,Linux,061,2018-11-10 18:25:16
24975403,Windows,193,2018-11-10 18:30:43
26320716,Windows,191,2018-11-10 18:59:05
25562553,Windows,185,2018-11-10 19:38:48
24501642,Windows,182,2018-11-10 19:55:09
24501642,Windows,183,2018-11-10 20:10:55
26238043,Windows,184,2018-11-10 20:12:39
24773998,Windows,197,2018-11-10 20:23:13
26320716,Linux,059,2018-11-10 22:51:52
26320716,Linux,059,2018-11-10 22:53:03
26320716,Windows,059,2018-11-10 22:54:17
26320716,Windows,061,2018-11-10 22:59:55
24501642,Windows,184,2018-11-10 23:02:18
25152154,Windows,194,2018-11-11 10:31:49
25094647,Windows,197,2018-11-11 10:35:34
24624864,Windows,189,2018-11-11 11:44:51
24773998,Windows,192,2018-11-11 12:58:21
26268848,Linux,200,2018-11-11 13:24:06
24808095,Windows,194,2018-11-11 14:10:08
24806393,Windows,059,2018-11-11 14:22:44
24773998,Windows,193,2018-11-11 15:19:32
25152154,Windows,187,2018-11-11 15:32:43
25811789,Linux,195,2018-11-11 16:37:35
24921407,Linux,195,2018-11-11 16:52:14
25811789,Linux,195,2018-11-11 16:54:19
26544150,Windows,059,2018-11-11 17:02:35
24975403,Windows,189,2018-11-11 20:22:31
24773998,Windows,188,2018-11-11 20:42:05
26331564,Windows,183,2018-11-11 20:45:17
25371366,Windows,185,2018-11-11 21:12:43
25251783,Windows,184,2018-11-11 21:26:18
26544150,Windows,197,2018-11-11 21:46:57
26544150,Windows,061,2018-11-11 23:12:43
25152154,Windows,194,2018-11-12 10:04:17
24459631,Linux,183,2018-11-12 10:27:02
26342209,Linux,182,2018-11-12 10:27:03
24808095,Windows,193,2018-11-12 10:27:08
24962223,Windows,183,2018-11-12 11:33:48
25752214,Windows,185,2018-11-12 11:58:38
24671180,Windows,059,2018-11-12 12:02:08
24624864,Windows,186,2018-11-12 12:27:11
24975403,Windows,188,2018-11-12 12:47:09
24773998,Windows,189,2018-11-12 12:47:33
25152154,Windows,194,2018-11-12 12:56:05
25094647,Windows,197,2018-11-12 13:51:24
25094647,Linux,197,2018-11-12 14:41:23
26544150,Windows,193,2018-11-12 14:43:13
24624864,Windows,190,2018-11-12 16:33:22
24773998,Windows,185,2018-11-12 16:33:29
26320716,Windows,061,2018-11-12 16:35:11
24969144,Windows,199,2018-11-12 16:36:36
25281433,Windows,198,2018-11-12 16:53:48
26238043,Windows,195,2018-11-12 16:59:56
26544150,Windows,062,2018-11-12 17:39:41
24962223,Linux,182,2018-11-12 17:41:53
26544150,Windows,062,2018-11-12 18:05:40
24773998,Windows,186,2018-11-12 18:11:06
24624864,Windows,190,2018-11-12 18:29:01
26340139,Windows,059,2018-11-12 18:29:12
24773998,Windows,185,2018-11-12 18:30:24
24975403,Windows,188,2018-11-12 18:30:40
24393862,Windows,197,2018-11-12 20:01:37
25958891,Windows,183,2018-11-12 20:03:03
24898870,Windows,195,2018-11-12 20:07:21
25281433,Windows,193,2018-11-12 20:16:44
24393862,Windows,197,2018-11-12 20:30:08
25281433,Windows,193,2018-11-12 20:44:48
25281433,Windows,192,2018-11-12 20:56:29
25138845,Windows,198,2018-11-12 20:56:39
25371366,Windows,185,2018-11-12 21:03:13
24975403,Windows,188,2018-11-12 21:06:22
25281433,Windows,192,2018-11-12 21:24:26
25958891,Windows,183,2018-11-13 00:00:22
25977618,Linux,184,2018-11-13 08:48:36
25378381,Windows,193,2018-11-13 09:35:26
26228488,Windows,199,2018-11-13 09:49:38
24969144,Windows,192,2018-11-13 10:09:44
26457848,Windows,195,2018-11-13 10:45:05
25554845,Windows,059,2018-11-13 11:17:50
24808095,Windows,188,2018-11-13 11:28:59
25138845,Windows,191,2018-11-13 11:45:19
25138845,Windows,198,2018-11-13 11:49:25
25977618,Linux,184,2018-11-13 12:09:38
25152154,Windows,194,2018-11-13 12:24:58
25235068,Windows,185,2018-11-13 12:31:11
25977618,Windows,186,2018-11-13 12:34:51
26255363,Linux,200,2018-11-13 12:36:44
25235068,Linux,184,2018-11-13 12:37:49
25281433,Windows,182,2018-11-13 12:40:38
24671180,Windows,061,2018-11-13 12:45:46
25114822,Windows,198,2018-11-13 14:28:34
25114822,Linux,190,2018-11-13 14:31:48
24773998,Windows,192,2018-11-13 14:37:01
26228488,Windows,059,2018-11-13 15:46:55
25534060,Windows,188,2018-11-13 16:09:53
26544150,Windows,061,2018-11-13 16:43:50
24773998,Windows,198,2018-11-13 18:29:03
26320716,Windows,061,2018-11-13 20:12:21
26228488,Windows,059,2018-11-13 22:14:00
24501642,Windows,198,2018-11-13 22:19:53
24975403,Windows,189,2018-11-13 22:25:15
25251783,Windows,188,2018-11-13 22:29:00
25958891,Windows,182,2018-11-13 22:30:36
24962223,Windows,181,2018-11-13 23:04:30
24975403,Windows,189,2018-11-13 23:11:53
24962223,Windows,181,2018-11-13 23:30:14
26320716,Windows,061,2018-11-14 02:05:15
26228488,Windows,059,2018-11-14 08:28:25
25812245,Linux,197,2018-11-14 09:14:00
26218091,Linux,198,2018-11-14 09:14:59
25727537,Windows,185,2018-11-14 09:26:05
24808095,Windows,188,2018-11-14 09:37:28
24671180,Windows,062,2018-11-14 10:01:57
25727537,Linux,184,2018-11-14 11:39:31
25727537,Windows,184,2018-11-14 11:41:55
25281433,Windows,194,2018-11-14 12:10:38
26497829,Windows,059,2018-11-14 12:33:44
26228488,Linux,200,2018-11-14 13:10:32
26340139,Windows,197,2018-11-14 13:11:57
24624864,Windows,185,2018-11-14 13:36:11
24624864,Windows,186,2018-11-14 13:38:10
25193644,Linux,190,2018-11-14 13:49:40
25193644,Windows,190,2018-11-14 13:53:07
26228488,Windows,191,2018-11-14 14:20:01
25041543,Windows,197,2018-11-14 14:27:56
25041543,Linux,196,2018-11-14 14:31:10
25041543,Linux,196,2018-11-14 14:38:00
24975403,Windows,189,2018-11-14 14:40:39
25786410,Windows,185,2018-11-14 14:40:45
25251783,Windows,190,2018-11-14 14:43:07
25152154,Windows,187,2018-11-14 14:49:35
25041543,Linux,192,2018-11-14 14:54:30
24773998,Windows,183,2018-11-14 15:04:45
24383808,Windows,061,2018-11-14 15:11:48
25333421,Windows,062,2018-11-14 15:11:55
25715451,Windows,191,2018-11-14 16:23:41
24645484,Windows,192,2018-11-14 16:25:08
26320716,Windows,192,2018-11-14 18:54:42
24975403,Windows,183,2018-11-14 18:54:44
26544150,Windows,182,2018-11-14 18:54:53
25152154,Windows,062,2018-11-14 19:06:46
24885608,Windows,198,2018-11-14 19:21:52
24773998,Windows,195,2018-11-14 19:35:16
25251783,Windows,187,2018-11-14 19:40:43
25281433,Windows,199,2018-11-14 19:41:01
25598856,Windows,200,2018-11-14 19:59:13
25958891,Windows,181,2018-11-14 20:04:43
25598856,Windows,200,2018-11-14 20:25:48
26254203,Linux,062,2018-11-14 20:57:09
26544150,Windows,059,2018-11-14 21:07:44
25251783,Windows,187,2018-11-14 21:44:48
25372905,Windows,198,2018-11-14 22:06:05
26320716,Linux,062,2018-11-14 22:14:41
24751754,Windows,062,2018-11-14 23:46:53
25094647,Windows,184,2018-11-15 08:54:49
25380028,Windows,199,2018-11-15 09:52:14
24516164,Linux,190,2018-11-15 10:24:45
26255363,Linux,187,2018-11-15 10:27:01
25378381,Windows,198,2018-11-15 10:57:37
24831022,Windows,184,2018-11-15 11:04:05
26255363,Windows,187,2018-11-15 11:19:02
24808095,Windows,188,2018-11-15 11:27:23
25094647,Windows,185,2018-11-15 11:30:53
26228488,Windows,186,2018-11-15 11:32:16
26338183,Linux,190,2018-11-15 11:49:39
24624864,Windows,183,2018-11-15 11:49:51
26338183,Windows,190,2018-11-15 11:54:49
25281433,Windows,195,2018-11-15 12:25:40
26238043,Windows,184,2018-11-15 12:48:46
24898870,Windows,181,2018-11-15 12:49:01
26320716,Windows,191,2018-11-15 12:50:06
24393862,Windows,188,2018-11-15 13:08:33
26544150,Windows,059,2018-11-15 13:13:20
24975403,Windows,182,2018-11-15 13:13:57
24898870,Windows,189,2018-11-15 13:14:26
25251783,Windows,181,2018-11-15 13:20:22
24791909,Windows,061,2018-11-15 13:45:29
26306054,Windows,185,2018-11-15 14:21:33
24969144,Windows,200,2018-11-15 14:35:04
25138845,Windows,193,2018-11-15 14:38:42
24468455,Windows,198,2018-11-15 14:52:26
25114588,Windows,198,2018-11-15 15:14:27
25971741,Windows,061,2018-11-15 15:15:14
24773998,Windows,197,2018-11-15 15:18:36
25094647,Windows,190,2018-11-15 15:38:13
25562553,Windows,185,2018-11-15 16:09:21
25556010,Windows,198,2018-11-15 16:13:31
25296783,Windows,184,2018-11-15 16:14:57
24773998,Windows,187,2018-11-15 16:57:01
26544150,Windows,184,2018-11-15 17:46:56
25152154,Windows,194,2018-11-15 18:00:36
24393862,Windows,188,2018-11-15 18:15:18
26544150,Windows,184,2018-11-15 18:37:52
25094647,Windows,194,2018-11-15 18:38:13
26371613,Windows,194,2018-11-16 10:30:58
25556010,Windows,192,2018-11-16 10:47:47
26371613,Windows,191,2018-11-16 10:49:53
26228488,Windows,199,2018-11-16 11:38:55
24773998,Windows,185,2018-11-16 12:14:52
25296783,Windows,183,2018-11-16 13:23:49
26238043,Windows,182,2018-11-16 13:47:52
24898870,Windows,187,2018-11-16 14:52:50
26250992,Windows,062,2018-11-16 15:10:34
25281433,Windows,197,2018-11-16 15:30:08
24393862,Windows,198,2018-11-16 15:32:41
24624864,Windows,186,2018-11-16 16:26:24
26320716,Windows,059,2018-11-16 17:38:22
26320716,Windows,061,2018-11-16 17:43:38
26320716,Windows,062,2018-11-16 17:43:42
26228488,Windows,199,2018-11-16 19:35:24
26228488,Windows,061,2018-11-17 10:40:30
26384548,Windows,061,2018-11-17 10:57:05
26238043,Windows,182,2018-11-17 13:07:34
25556010,Windows,191,2018-11-17 13:55:26
25556010,Windows,192,2018-11-17 14:04:44
24773998,Windows,193,2018-11-17 14:14:57
24962223,Windows,194,2018-11-17 14:45:09
25152154,Windows,187,2018-11-17 15:03:15
25691556,Windows,184,2018-11-17 15:11:23
25709773,Windows,059,2018-11-17 16:28:33
26544150,Windows,061,2018-11-17 16:39:11
25281433,Windows,197,2018-11-17 16:39:28
24468455,Windows,200,2018-11-17 17:19:07
26320716,Windows,191,2018-11-17 18:42:04
26228488,Windows,182,2018-11-17 20:26:56
25251783,Windows,187,2018-11-17 22:03:14
25281433,Windows,197,2018-11-17 22:56:50
25281433,Windows,197,2018-11-18 09:11:51
25534060,Windows,187,2018-11-18 10:27:27
25152154,Windows,194,2018-11-18 10:39:39
25193644,Windows,059,2018-11-18 11:44:25
24383808,Windows,194,2018-11-18 12:41:42
24831022,Windows,185,2018-11-18 13:08:19
25152154,Windows,190,2018-11-18 13:33:40
25534060,Windows,188,2018-11-18 13:36:02
24969144,Windows,061,2018-11-18 14:21:43
24624864,Windows,186,2018-11-18 14:31:16
26340139,Windows,061,2018-11-18 14:33:01
25556010,Windows,194,2018-11-18 15:43:35
26340139,Windows,062,2018-11-18 16:07:01
24773998,Windows,191,2018-11-18 16:39:00
25534060,Windows,188,2018-11-18 16:39:24
25152154,Windows,190,2018-11-18 16:39:51
24962223,Linux,196,2018-11-18 17:53:10
24962223,Windows,195,2018-11-18 18:00:29
24975403,Windows,183,2018-11-18 20:12:52
25534060,Windows,187,2018-11-19 07:50:25
25152154,Windows,194,2018-11-19 09:38:51
26306054,Windows,182,2018-11-19 10:03:19
26268848,Linux,191,2018-11-19 10:22:02
26320716,Windows,060,2018-11-19 11:02:38
26228488,Windows,186,2018-11-19 11:29:53
26342209,Windows,188,2018-11-19 12:31:52
24459631,Windows,189,2018-11-19 12:32:34
25874897,Windows,198,2018-11-19 12:39:17
25874897,Linux,198,2018-11-19 12:41:00
25534060,Windows,187,2018-11-19 13:34:18
25152154,Windows,190,2018-11-19 13:50:43
24501642,Windows,184,2018-11-19 16:52:40
24624864,Windows,194,2018-11-19 17:00:58
26228488,Windows,199,2018-11-19 17:53:35
25556010,Windows,185,2018-11-19 20:34:49
24975403,Windows,191,2018-11-19 23:52:58
25251783,Windows,193,2018-11-20 00:28:10
25534060,Windows,187,2018-11-20 08:28:44
25562172,Windows,188,2018-11-20 09:42:34
25281433,Windows,194,2018-11-20 12:48:32
25152154,Windows,190,2018-11-20 13:49:41
24529735,Windows,195,2018-11-20 14:20:55
24808095,Windows,193,2018-11-20 14:24:09
24624864,Windows,183,2018-11-20 15:06:42
26254203,Windows,189,2018-11-20 15:20:22
26306054,Windows,185,2018-11-20 16:21:40
24975403,Windows,184,2018-11-20 17:21:49
26544150,Windows,192,2018-11-20 18:43:54
25064116,Windows,060,2018-11-20 21:28:51
25152154,Windows,194,2018-11-21 10:43:56
24671180,Windows,062,2018-11-21 11:29:21
26457848,Windows,059,2018-11-21 12:35:35
25152154,Windows,194,2018-11-21 13:00:19
26544150,Windows,183,2018-11-21 13:21:52
26091088,Linux,061,2018-11-21 13:41:22
24671180,Windows,061,2018-11-21 15:16:16
26228488,Windows,199,2018-11-21 15:52:04
26254203,Windows,189,2018-11-21 17:24:51
26544150,Windows,059,2018-11-21 17:36:56
24629259,Windows,060,2018-11-21 19:46:55
24975403,Windows,186,2018-11-21 20:24:10
24773998,Windows,187,2018-11-22 10:00:43
26320716,Windows,192,2018-11-22 10:02:21
24773998,Windows,186,2018-11-22 10:11:56
25452096,Windows,186,2018-11-22 10:15:45
25812245,Windows,189,2018-11-22 12:36:48
25812245,Linux,190,2018-11-22 12:37:43
26306054,Windows,193,2018-11-22 13:20:09
24459631,Windows,182,2018-11-22 13:21:32
26342209,Windows,181,2018-11-22 13:22:31
24975403,Windows,189,2018-11-22 13:49:55
24624864,Windows,190,2018-11-22 14:22:42
26254203,Windows,059,2018-11-22 14:35:31
26457848,Windows,061,2018-11-22 14:49:33
26544150,Windows,060,2018-11-22 15:26:33
25114588,Windows,186,2018-11-22 15:28:21
26254203,Windows,182,2018-11-22 15:49:11
26544150,Windows,181,2018-11-22 16:19:08
24773998,Windows,184,2018-11-22 16:36:06
24773998,Windows,184,2018-11-22 18:59:34
25152154,Windows,194,2018-11-23 12:54:48
24671180,Windows,062,2018-11-23 13:46:58
24773998,Windows,192,2018-11-23 13:56:13
24975403,Windows,193,2018-11-23 14:40:07
26544150,Windows,059,2018-11-23 14:43:46
26320716,Windows,197,2018-11-23 14:53:43
24808095,Windows,198,2018-11-23 15:36:34
24773998,Windows,192,2018-11-23 16:21:49
25281433,Windows,187,2018-11-23 16:45:53
25251783,Windows,181,2018-11-23 18:28:31
25371366,Windows,192,2018-11-23 18:41:58
26457848,Windows,193,2018-11-24 10:21:44
26340139,Windows,185,2018-11-24 12:07:09
25378381,Windows,193,2018-11-24 12:09:25
24501642,Windows,193,2018-11-24 13:59:12
25371366,Windows,184,2018-11-24 16:09:17
26544150,Windows,059,2018-11-24 16:21:55
24975403,Windows,185,2018-11-24 17:22:20
25041543,Windows,193,2018-11-24 19:40:24
25041543,Linux,192,2018-11-24 19:40:34
25251783,Windows,061,2018-11-24 20:26:16
25251783,Windows,061,2018-11-24 21:59:11
24501642,Windows,185,2018-11-25 01:35:30
24579953,Windows,061,2018-11-25 10:19:01
25152154,Windows,194,2018-11-25 10:22:08
24773998,Windows,185,2018-11-25 11:33:07
24975403,Windows,184,2018-11-25 11:33:27
25251783,Windows,181,2018-11-25 14:02:18
24975403,Windows,183,2018-11-25 14:31:00
25709773,Windows,198,2018-11-25 15:16:19
26544150,Windows,059,2018-11-25 16:16:42
24773998,Windows,185,2018-11-25 19:22:42
25786410,Windows,189,2018-11-25 20:40:56
25251783,Windows,184,2018-11-25 23:48:04
24512351,Windows,189,2018-11-26 03:16:03
25152154,Windows,187,2018-11-26 09:32:45
24579953,Windows,061,2018-11-26 09:43:56
25613836,Windows,186,2018-11-26 10:13:54
25069787,Linux,192,2018-11-26 11:05:07
24468455,Windows,183,2018-11-26 11:20:36
26238043,Windows,184,2018-11-26 11:34:02
24501642,Windows,184,2018-11-26 11:41:02
25851069,Windows,198,2018-11-26 12:11:45
25152154,Windows,187,2018-11-26 12:34:02
24975403,Windows,193,2018-11-26 12:51:56
26342209,Windows,190,2018-11-26 13:10:35
26228488,Windows,199,2018-11-26 13:56:04
26544150,Windows,059,2018-11-26 14:37:02
26544150,Windows,060,2018-11-26 14:41:14
25069787,Windows,190,2018-11-26 14:54:39
25069787,Windows,189,2018-11-26 15:05:08
24636081,Windows,061,2018-11-26 15:19:11
25786410,Windows,184,2018-11-26 15:41:29
24624864,Windows,185,2018-11-26 15:49:01
25378381,Windows,198,2018-11-26 17:33:56
25786222,Linux,062,2018-11-26 18:04:37
25786410,Windows,185,2018-11-26 18:08:48
24624864,Windows,186,2018-11-26 18:09:11
26544150,Windows,184,2018-11-26 18:16:56
25378381,Windows,198,2018-11-26 18:20:19
25752214,Windows,198,2018-11-26 19:30:37
25152154,Windows,194,2018-11-27 09:38:28
25341393,Windows,059,2018-11-27 09:55:12
26544150,Windows,059,2018-11-27 12:24:59
24448437,Windows,060,2018-11-27 13:55:00
24975403,Windows,184,2018-11-27 14:02:56
25626835,Windows,059,2018-11-27 14:19:05
26254203,Linux,195,2018-11-27 14:45:17
25181685,Windows,189,2018-11-27 15:41:34
24919938,Windows,188,2018-11-27 15:42:29
25786410,Windows,187,2018-11-27 15:51:43
25534060,Windows,198,2018-11-27 15:57:28
25709773,Windows,193,2018-11-27 16:38:43
24717623,Windows,190,2018-11-27 17:07:45
26544150,Windows,185,2018-11-27 17:25:49
26320716,Windows,059,2018-11-27 18:15:30
24773998,Windows,186,2018-11-27 20:26:35
24773998,Windows,185,2018-11-27 20:28:36
24624864,Windows,186,2018-11-27 20:29:10
26544150,Windows,062,2018-11-27 20:37:17
24512351,Windows,182,2018-11-27 23:59:44
24383808,Windows,194,2018-11-28 07:57:33
25371366,Windows,185,2018-11-28 11:12:14
25380028,Windows,184,2018-11-28 11:31:07
24975403,Windows,188,2018-11-28 12:57:01
24919938,Windows,195,2018-11-28 12:59:12
25152154,Windows,194,2018-11-28 14:12:54
26544150,Windows,182,2018-11-28 14:39:16
25534060,Windows,198,2018-11-28 15:37:46
24629259,Windows,183,2018-11-28 16:10:45
24821794,Windows,060,2018-11-28 16:16:26
25452096,Windows,186,2018-11-28 16:32:46
25556010,Windows,193,2018-11-28 17:49:08
24773998,Windows,186,2018-11-28 20:38:35
26544150,Windows,061,2018-11-28 23:47:10
24383808,Windows,194,2018-11-29 08:37:10
24975403,Windows,188,2018-11-29 08:48:45
25785611,Windows,182,2018-11-29 09:34:15
26268848,Linux,198,2018-11-29 11:15:32
24459631,Windows,182,2018-11-29 11:48:47
26342209,Windows,181,2018-11-29 11:49:02
26254203,Windows,189,2018-11-29 12:02:35
24773998,Windows,184,2018-11-29 12:38:12
25598856,Windows,194,2018-11-29 13:17:01
26544150,Windows,185,2018-11-29 13:18:54
25388047,Windows,193,2018-11-29 13:20:31
24459631,Windows,191,2018-11-29 13:20:48
26342209,Windows,192,2018-11-29 13:20:56
26254203,Windows,190,2018-11-29 13:22:04
24969144,Linux,060,2018-11-29 14:56:50
24554002,Windows,191,2018-11-29 18:00:23
24975403,Windows,183,2018-11-29 19:00:44
26544150,Windows,182,2018-11-29 19:00:50
25152154,Windows,194,2018-11-29 19:07:05
26254203,Windows,061,2018-11-30 10:58:54
25234689,Windows,059,2018-11-30 12:11:38
24629259,Windows,185,2018-11-30 16:12:38
26544150,Windows,186,2018-11-30 16:24:12
25024710,Windows,189,2018-11-30 16:54:00
25453104,Windows,188,2018-11-30 16:58:04
24975403,Windows,190,2018-11-30 16:58:39
24919938,Windows,195,2018-11-30 17:28:53
25341393,Linux,061,2018-11-30 17:34:46
25341393,Linux,061,2018-11-30 17:43:51
26320716,Linux,061,2018-11-30 17:56:05
26320716,Windows,061,2018-11-30 17:57:19
24919938,Windows,195,2018-12-01 13:22:02
26124839,Windows,198,2018-12-01 14:21:51
26502659,Linux,183,2018-12-01 14:46:45
26544150,Windows,061,2018-12-01 14:56:12
26544150,Windows,182,2018-12-01 19:48:35
26364212,Linux,060,2018-12-01 21:49:44
26364212,Linux,059,2018-12-01 22:16:54
24624864,Windows,193,2018-12-02 13:16:08
25977618,Linux,183,2018-12-02 13:48:12
24975403,Windows,199,2018-12-02 14:50:44
24773998,Windows,191,2018-12-02 15:14:10
26544150,Windows,182,2018-12-02 15:44:50
24624864,Windows,184,2018-12-02 16:46:00
24961917,Linux,193,2018-12-02 16:55:06
25235068,Windows,195,2018-12-02 17:16:02
25235068,Linux,194,2018-12-02 17:17:55
25235068,Linux,194,2018-12-02 17:32:57
24512351,Windows,184,2018-12-02 20:36:36
25251783,Windows,185,2018-12-02 20:47:21
24975403,Windows,183,2018-12-02 21:25:18
25251783,Windows,185,2018-12-02 21:56:15
24919938,Windows,189,2018-12-03 11:08:55
25372905,Linux,195,2018-12-03 11:19:38
25094647,Linux,196,2018-12-03 11:20:42
25152154,Windows,194,2018-12-03 13:28:05
24624864,Windows,193,2018-12-03 13:35:58
25811789,Linux,191,2018-12-03 16:29:30
24460942,Linux,191,2018-12-03 17:03:02
25152154,Windows,194,2018-12-03 18:07:46
25534060,Windows,187,2018-12-04 09:56:12
25152154,Windows,194,2018-12-04 10:57:59
24919938,Windows,197,2018-12-04 13:46:26
26544150,Windows,060,2018-12-04 14:39:52
25152154,Windows,187,2018-12-04 15:09:47
24808095,Windows,184,2018-12-04 18:30:32
24975403,Windows,185,2018-12-04 19:56:36
25251783,Windows,187,2018-12-04 19:58:52
25152154,Windows,194,2018-12-05 11:37:18
25613836,Windows,195,2018-12-05 11:44:11
25613836,Windows,195,2018-12-05 14:31:10
25613836,Linux,196,2018-12-05 14:31:32
25152154,Windows,197,2018-12-05 14:40:47
24975403,Windows,185,2018-12-05 14:54:07
25378381,Windows,197,2018-12-05 16:10:28
24629259,Windows,197,2018-12-06 09:14:09
26167425,Windows,059,2018-12-06 13:04:16
26255363,Windows,197,2018-12-06 13:22:39
25453104,Windows,197,2018-12-06 15:03:04
25251783,Windows,185,2018-12-06 16:42:07
24975403,Windows,185,2018-12-06 20:17:34
24975403,Windows,184,2018-12-06 22:59:40
25041543,Windows,195,2018-12-07 14:24:56
25204198,Windows,190,2018-12-07 15:44:52
25204198,Windows,185,2018-12-08 11:22:26
24629259,Windows,194,2018-12-08 12:01:32
24624864,Windows,192,2018-12-08 12:08:59
26145124,Windows,198,2018-12-08 12:11:15
24975403,Windows,187,2018-12-08 13:09:35
24919938,Windows,198,2018-12-08 15:21:23
24629259,Windows,194,2018-12-08 17:44:20
24975403,Windows,185,2018-12-08 21:32:57
24512351,Windows,184,2018-12-08 21:37:29
24975403,Windows,187,2018-12-08 22:17:07
25534060,Windows,187,2018-12-09 09:15:37
24629259,Windows,194,2018-12-09 10:59:52
25235068,Windows,059,2018-12-09 12:41:24
24919938,Windows,197,2018-12-09 13:37:41
24629259,Windows,194,2018-12-09 14:16:39
26544150,Windows,059,2018-12-09 17:12:14
25556010,Windows,183,2018-12-09 18:15:15
25041543,Windows,188,2018-12-09 19:38:40
26544150,Windows,185,2018-12-09 22:30:14
24629259,Windows,195,2018-12-10 12:38:22
25453104,Windows,200,2018-12-10 14:29:55
26544150,Windows,186,2018-12-10 16:08:18
26544150,Windows,185,2018-12-10 16:08:23
26544150,Windows,186,2018-12-10 18:21:30
26544150,Windows,185,2018-12-10 18:24:50
25152154,Windows,194,2018-12-10 19:15:27
25152154,Windows,194,2018-12-10 19:29:54
26502659,Linux,188,2018-12-11 14:01:16
25152154,Windows,194,2018-12-11 22:45:41
24624864,Windows,193,2018-12-12 13:41:19
25620856,Windows,190,2018-12-12 13:59:05
26291269,Windows,194,2018-12-12 14:24:38
25251783,Windows,184,2018-12-12 15:07:04
24975403,Windows,187,2018-12-12 15:16:22
25152154,Windows,194,2018-12-12 16:38:31
24919938,Windows,197,2018-12-12 17:03:34
25251783,Windows,184,2018-12-12 18:16:52
24975403,Windows,187,2018-12-12 19:21:32
25251783,Windows,184,2018-12-12 21:52:28
25404917,Windows,190,2018-12-13 00:05:11
25152154,Windows,194,2018-12-13 12:46:31
24919938,Windows,197,2018-12-13 14:19:51
24975403,Windows,185,2018-12-13 17:06:33
26320716,Linux,191,2018-12-13 19:39:12
24629259,Windows,195,2018-12-14 09:31:37
25752214,Linux,188,2018-12-14 16:52:29
24975403,Windows,184,2018-12-14 21:12:31
25715451,Windows,193,2018-12-15 12:59:32
24645484,Linux,191,2018-12-15 12:59:41
25152154,Windows,194,2018-12-16 11:03:59
25152154,Windows,197,2018-12-16 15:20:36
24393862,Windows,197,2018-12-16 20:38:13
25752214,Windows,193,2018-12-17 09:08:07
24393862,Windows,194,2018-12-17 12:53:47
26544150,Windows,192,2018-12-17 18:18:20
25152154,Windows,194,2018-12-18 08:49:54
26254203,Windows,189,2018-12-21 13:51:11
26254203,Windows,188,2018-12-24 12:31:39
24383808,Linux,195,2019-01-06 10:54:26
24383808,Windows,195,2019-01-06 10:55:26
26538818,Windows,185,2019-01-06 13:37:18
25786410,Linux,189,2019-01-06 15:21:15
25786410,Windows,189,2019-01-06 15:26:39
25152154,Windows,185,2019-01-07 09:37:07
25785611,Linux,182,2019-01-07 10:37:26
25752214,Windows,195,2019-01-07 13:20:09
26538818,Windows,059,2019-01-07 14:27:18
24393862,Windows,184,2019-01-07 14:56:16
25251783,Windows,187,2019-01-07 15:29:57
24383808,Windows,195,2019-01-08 10:00:26
25304696,Linux,184,2019-01-08 10:30:12
25681403,Linux,183,2019-01-08 10:30:49
25874897,Linux,192,2019-01-08 10:31:01
25786222,Linux,191,2019-01-08 10:31:26
24660738,Linux,193,2019-01-08 10:46:57
26115272,Windows,060,2019-01-08 12:26:55
25304696,Linux,183,2019-01-08 13:41:06
25874897,Linux,192,2019-01-08 13:42:27
26538818,Windows,195,2019-01-08 14:17:14
25152154,Windows,194,2019-01-08 14:21:53
25874897,Linux,191,2019-01-08 14:59:49
25786222,Linux,192,2019-01-08 14:59:54
25702566,Linux,198,2019-01-08 15:16:25
24660738,Linux,193,2019-01-08 15:22:58
24544299,Windows,059,2019-01-08 15:57:58
25874897,Linux,191,2019-01-08 18:07:02
25251783,Windows,198,2019-01-08 20:29:52
24459631,Windows,183,2019-01-09 09:29:38
26342209,Windows,182,2019-01-09 09:30:05
25542209,Linux,200,2019-01-09 09:30:41
24711083,Linux,191,2019-01-09 09:31:06
25542209,Linux,200,2019-01-09 09:38:43
26457517,Linux,191,2019-01-09 09:52:00
25281433,Linux,194,2019-01-09 10:00:07
26342209,Windows,182,2019-01-09 13:10:11
24459631,Windows,183,2019-01-09 13:10:44
25152154,Windows,194,2019-01-09 15:55:18
24383808,Windows,195,2019-01-10 09:58:10
25152154,Windows,194,2019-01-10 11:04:15
25752214,Windows,198,2019-01-10 11:35:01
25152154,Windows,194,2019-01-10 12:59:07
25251783,Windows,183,2019-01-10 13:01:24
25251783,Windows,192,2019-01-10 13:07:26
24695218,Linux,060,2019-01-10 13:24:09
24902442,Linux,059,2019-01-10 13:24:54
24902442,Linux,059,2019-01-10 13:27:31
24871487,Linux,060,2019-01-10 14:06:51
25579732,Linux,059,2019-01-10 14:24:54
24808095,Windows,190,2019-01-10 14:26:03
25152154,Windows,194,2019-01-10 15:58:41
25123173,Linux,192,2019-01-11 14:21:04
25123173,Linux,198,2019-01-11 15:07:06
25451449,Windows,061,2019-01-11 15:10:32
25451449,Linux,061,2019-01-11 15:11:44
25238016,Linux,060,2019-01-12 10:05:53
25371366,Windows,187,2019-01-12 15:36:08
25251783,Windows,184,2019-01-12 17:38:42
25251783,Windows,185,2019-01-12 17:51:30
24624864,Linux,186,2019-01-12 18:32:27
24773998,Linux,187,2019-01-12 18:40:30
25371366,Linux,187,2019-01-12 18:41:26
25251783,Linux,185,2019-01-12 19:16:15
25991796,Windows,184,2019-01-12 23:23:31
25251783,Windows,185,2019-01-12 23:25:22
26223857,Windows,060,2019-01-13 09:27:12
26223857,Linux,060,2019-01-13 09:28:15
26196040,Linux,060,2019-01-13 10:43:03
25251783,Linux,192,2019-01-13 11:26:51
25999949,Windows,199,2019-01-13 11:41:27
24760780,Windows,198,2019-01-13 11:54:04
25969209,Linux,061,2019-01-13 12:02:24
25969209,Windows,061,2019-01-13 12:04:56
24961917,Linux,060,2019-01-13 13:00:23
25472682,Windows,195,2019-01-13 13:31:09
25181685,Linux,190,2019-01-13 13:34:05
25152154,Windows,193,2019-01-13 13:34:46
25150510,Windows,188,2019-01-13 13:41:05
25968551,Linux,189,2019-01-13 13:41:52
24416501,Windows,199,2019-01-13 13:44:10
24975403,Windows,191,2019-01-13 13:44:41
24902442,Linux,181,2019-01-13 13:46:09
25703196,Linux,181,2019-01-13 13:49:17
25596238,Linux,185,2019-01-13 13:50:46
25968551,Windows,189,2019-01-13 13:52:21
24825752,Windows,061,2019-01-13 13:53:11
25946103,Windows,061,2019-01-13 13:55:33
25961848,Windows,198,2019-01-13 13:57:06
24724169,Linux,186,2019-01-13 14:05:12
24724169,Linux,186,2019-01-13 14:08:09
25703196,Linux,181,2019-01-13 14:29:09
25703196,Linux,181,2019-01-13 14:30:16
25205267,Linux,187,2019-01-13 14:37:26
25239915,Linux,181,2019-01-13 14:38:12
26196040,Windows,200,2019-01-13 14:44:42
24370511,Windows,188,2019-01-13 14:44:58
24773998,Windows,198,2019-01-13 15:23:57
26254203,Windows,184,2019-01-13 15:24:16
25786410,Windows,188,2019-01-13 15:26:14
25630176,Windows,189,2019-01-13 15:26:43
25715451,Linux,187,2019-01-13 15:28:41
26254203,Linux,184,2019-01-13 15:32:12
25251783,Linux,192,2019-01-13 15:43:48
25874897,Linux,194,2019-01-13 15:47:22
25371366,Windows,199,2019-01-13 15:51:20
24624864,Linux,185,2019-01-13 16:02:45
25371366,Linux,199,2019-01-13 16:03:06
24624864,Linux,185,2019-01-13 16:03:45
24624864,Linux,191,2019-01-13 17:21:38
25152154,Windows,194,2019-01-14 09:33:10
26538818,Windows,195,2019-01-14 09:35:33
25245834,Windows,061,2019-01-14 10:29:45
25123173,Linux,061,2019-01-14 11:28:16
26544150,Linux,059,2019-01-14 11:29:05
25251783,Windows,193,2019-01-14 12:04:11
25626835,Windows,182,2019-01-14 12:35:07
25626835,Linux,182,2019-01-14 12:43:15
24624864,Linux,191,2019-01-14 12:49:01
25251783,Linux,193,2019-01-14 12:49:32
24624864,Windows,191,2019-01-14 13:14:45
25152154,Windows,194,2019-01-14 13:41:30
25961848,Windows,189,2019-01-14 13:47:29
25405744,Windows,190,2019-01-14 13:50:35
25626835,Windows,182,2019-01-14 13:59:33
25961848,Linux,189,2019-01-14 14:01:10
25626835,Linux,181,2019-01-14 14:05:31
25626835,Windows,181,2019-01-14 14:12:45
25961848,Linux,189,2019-01-14 15:24:29
25961848,Linux,189,2019-01-14 15:33:08
25453104,Windows,199,2019-01-14 15:40:41
25961848,Windows,189,2019-01-14 17:33:55
25961848,Linux,189,2019-01-14 17:36:31
25405744,Windows,190,2019-01-14 18:19:46
25152154,Windows,194,2019-01-14 18:25:10
25152154,Windows,194,2019-01-14 19:13:29
25251783,Linux,187,2019-01-14 20:33:10
24773998,Windows,183,2019-01-14 20:39:10
25251783,Windows,187,2019-01-14 20:44:49
25251783,Windows,187,2019-01-14 21:00:10
25251783,Windows,187,2019-01-14 21:11:21
25152154,Windows,193,2019-01-14 22:25:58
24369150,Windows,181,2019-01-15 13:17:03
25474558,Windows,191,2019-01-15 13:33:19
25506268,Windows,195,2019-01-15 13:34:17
26049656,Linux,188,2019-01-15 13:39:41
25961848,Linux,199,2019-01-15 13:40:57
24991446,Linux,060,2019-01-15 13:41:02
25752214,Linux,059,2019-01-15 13:42:49
24719396,Linux,194,2019-01-15 13:44:51
24719396,Linux,194,2019-01-15 13:45:44
24719396,Windows,194,2019-01-15 13:49:01
25961848,Windows,199,2019-01-15 13:52:12
24675896,Windows,192,2019-01-15 13:55:54
25474558,Windows,191,2019-01-15 13:56:06
25772404,Windows,193,2019-01-15 14:25:40
26544150,Linux,062,2019-01-15 15:42:03
25609637,Linux,062,2019-01-15 16:01:41
26544150,Linux,060,2019-01-15 16:49:57
26544150,Linux,060,2019-01-15 16:52:40
26544150,Linux,059,2019-01-15 17:01:34
25668314,Windows,193,2019-01-15 17:49:41
25668314,Windows,193,2019-01-15 17:55:58
25668314,Linux,193,2019-01-15 18:00:26
24459631,Windows,186,2019-01-16 09:26:30
26342209,Windows,185,2019-01-16 09:29:00
26544150,Linux,062,2019-01-16 10:31:57
26067984,Linux,061,2019-01-16 10:32:44
26532034,Windows,060,2019-01-16 11:25:18
26532034,Linux,060,2019-01-16 11:42:09
24459631,Windows,189,2019-01-16 12:59:59
26342209,Windows,188,2019-01-16 13:01:44
25785611,Windows,183,2019-01-16 13:31:04
24459631,Windows,189,2019-01-16 13:47:23
26342209,Windows,188,2019-01-16 13:47:40
25113163,Linux,194,2019-01-16 14:01:50
24821794,Linux,062,2019-01-16 14:10:20
24821794,Windows,062,2019-01-16 14:12:16
24639152,Linux,061,2019-01-16 15:28:44
24624864,Windows,184,2019-01-16 16:19:10
26532034,Linux,060,2019-01-16 16:19:14
25601664,Linux,059,2019-01-16 16:52:08
25251783,Windows,186,2019-01-16 19:11:21
25152154,Windows,187,2019-01-16 19:12:00
25152154,Windows,187,2019-01-16 19:32:56
25152154,Windows,187,2019-01-17 12:41:08
25251783,Windows,186,2019-01-17 12:43:19
25577775,Linux,061,2019-01-17 12:49:59
24624864,Windows,187,2019-01-17 13:18:41
25786222,Linux,195,2019-01-17 13:36:55
24975403,Windows,188,2019-01-17 15:35:51
25251783,Windows,186,2019-01-17 16:34:01
25152154,Windows,187,2019-01-17 16:36:37
24383808,Windows,195,2019-01-18 10:11:21
25786222,Linux,187,2019-01-18 13:51:05
25577365,Linux,059,2019-01-18 13:55:11
25961848,Linux,191,2019-01-18 14:38:31
