{
    "name": "dir000",
    "timestamp": "2020-02-22 14:25:44",
    "type": "dir",
    "files": [
        {
            "name": "file000",
            "timestamp": "2020-02-22 14:35:21",
            "type": "file",
            "size": 13390
        },
        {
            "name": "dir000",
            "timestamp": "2020-02-22 14:35:39",
            "type": "dir",
            "files": [
                {
                    "name": "file000",
                    "timestamp": "2020-02-22 14:39:11",
                    "type": "file",
                    "size": 8139
                },
                {
                    "name": "file001",
                    "timestamp": "2020-02-22 14:49:09",
                    "type": "file",
                    "size": 5849
                }
            ]
        },
        {
            "name": "file001",
            "timestamp": "2020-02-22 14:43:29",
            "type": "file",
            "size": 6313
        },
        {
            "name": "file002",
            "timestamp": "2020-02-22 15:00:01",
            "type": "file",
            "size": 13315
        },
        {
            "name": "dir001",
            "timestamp": "2020-02-22 15:14:52",
            "type": "dir",
            "files": [
                {
                    "name": "file000",
                    "timestamp": "2020-02-22 15:23:20",
                    "type": "file",
                    "size": 10404
                },
                {
                    "name": "file001",
                    "timestamp": "2020-02-22 15:34:39",
                    "type": "file",
                    "size": 9293
                },
                {
                    "name": "file002",
                    "timestamp": "2020-02-22 15:49:13",
                    "type": "file",
                    "size": 19999
                },
                {
                    "name": "dir000",
                    "timestamp": "2020-02-22 15:55:54",
                    "type": "dir",
                    "files": [
                        {
                            "name": "file000",
                            "timestamp": "2020-02-22 15:57:39",
                            "type": "file",
                            "size": 10852
                        },
                        {
                            "name": "file001",
                            "timestamp": "2020-02-22 15:58:32",
                            "type": "file",
                            "size": 8319
                        },
                        {
                            "name": "file002",
                            "timestamp": "2020-02-22 16:09:44",
                            "type": "file",
                            "size": 16813
                        },
                        {
                            "name": "file003",
                            "timestamp": "2020-02-22 16:18:37",
                            "type": "file",
                            "size": 101
                        },
                        {
                            "name": "file004",
                            "timestamp": "2020-02-22 16:34:44",
                            "type": "file",
                            "size": 15301
                        },
                        {
                            "name": "file005",
                            "timestamp": "2020-02-22 16:49:20",
                            "type": "file",
                            "size": 2693
                        },
                        {
                            "name": "file006",
                            "timestamp": "2020-02-22 17:05:54",
                            "type": "file",
                            "size": 7719
                        }
                    ]
                },
                {
                    "name": "file003",
                    "timestamp": "2020-02-22 16:06:17",
                    "type": "file",
                    "size": 19795
                },
                {
                    "name": "dir001",
                    "timestamp": "2020-02-22 16:17:45",
                    "type": "dir",
                    "files": [
                        {
                            "name": "file000",
                            "timestamp": "2020-02-22 16:18:51",
                            "type": "file",
                            "size": 3086
                        },
                        {
                            "name": "file001",
                            "timestamp": "2020-02-22 16:23:38",
                            "type": "file",
                            "size": 8133
                        },
                        {
                            "name": "file002",
                            "timestamp": "2020-02-22 16:35:25",
                            "type": "file",
                            "size": 6916
                        },
                        {
                            "name": "file003",
                            "timestamp": "2020-02-22 16:36:05",
                            "type": "file",
                            "size": 17667
                        },
                        {
                            "name": "file004",
                            "timestamp": "2020-02-22 16:51:42",
                            "type": "file",
                            "size": 13581
                        },
                        {
                            "name": "file005",
                            "timestamp": "2020-02-22 16:59:55",
                            "type": "file",
                            "size": 9410
                        },
                        {
                            "name": "file006",
                            "timestamp": "2020-02-22 17:03:47",
                            "type": "file",
                            "size": 9857
                        }
                    ]
                },
                {
                    "name": "file004",
                    "timestamp": "2020-02-22 16:27:45",
                    "type": "file",
                    "size": 7698
                },
                {
                    "name": "file005",
                    "timestamp": "2020-02-22 16:29:31",
                    "type": "file",
                    "size": 17094
                },
                {
                    "name": "file006",
                    "timestamp": "2020-02-22 16:32:13",
                    "type": "file",
                    "size": 15849
                },
                {
                    "name": "file007",
                    "timestamp": "2020-02-22 16:45:19",
                    "type": "file",
                    "size": 9405
                }
            ]
        },
        {
            "name": "file003",
            "timestamp": "2020-02-22 15:29:17",
            "type": "file",
            "size": 16557
        },
        {
            "name": "file004",
            "timestamp": "2020-02-22 15:32:07",
            "type": "file",
            "size": 281
        },
        {
            "name": "dir002",
            "timestamp": "2020-02-22 15:37:07",
            "type": "dir",
            "files": [
                {
                    "name": "file000",
                    "timestamp": "2020-02-22 15:38:54",
                    "type": "file",
                    "size": 13709
                },
                {
                    "name": "file001",
                    "timestamp": "2020-02-22 15:52:25",
                    "type": "file",
                    "size": 2105
                },
                {
                    "name": "file002",
                    "timestamp": "2020-02-22 15:55:48",
                    "type": "file",
                    "size": 5371
                },
                {
                    "name": "file003",
                    "timestamp": "2020-02-22 16:04:48",
                    "type": "file",
                    "size": 11686
                },
                {
                    "name": "file004",
                    "timestamp": "2020-02-22 16:16:39",
                    "type": "file",
                    "size": 4903
                },
                {
                    "name": "file005",
                    "timestamp": "2020-02-22 16:30:20",
                    "type": "file",
                    "size": 3169
                },
                {
                    "name": "file006",
                    "timestamp": "2020-02-22 16:46:31",
                    "type": "file",
                    "size": 14022
                }
            ]
        }
    ]
}